X1,X2,T,Y
0.926459238271686,-0.0699908173478601,1,0
1.82282116882838,-1.41314675721675,1,1
-1.61056689832483,-0.0481481961480342,0,0
-0.285109752221173,-1.22357489620377,0,0
-0.342073029720119,0.455249306058972,1,0
0.366176146189186,0.639945779080664,0,0
-1.32704084856317,-2.64074548312926,1,0
2.41259221039848,-0.0797251038438298,1,1
0.0638153475679835,1.01411117183809,0,0
1.54551477991149,0.67052932651331,0,0
-1.88472709879316,-0.650750437427013,0,0
0.911427292224163,0.116932470175488,1,1
-1.30545587705056,1.39215532476626,0,1
0.0420736502948709,0.281806654486138,1,0
-0.785330601690744,0.36994548933048,1,0
1.21163261247342,-0.470906879266356,1,1
-0.924548751979494,1.23436856302053,0,0
-0.678028957513354,-0.781125882304354,1,0
1.33215936703379,-0.242419879124244,1,0
0.462587553312777,-1.0210370060593,0,0
-1.30222188156542,1.15253559668147,1,0
1.10849126429603,-1.92583277858514,0,1
-0.772136842165164,-0.713361370802708,0,0
-0.677170264718983,-1.01455329706726,1,0
0.464307295943082,2.16895818978121,0,0
-1.95031877030686,-0.974011575620137,1,0
-1.05559498366652,-0.715217347783799,1,0
-0.117809546430733,1.5734158821818,0,0
-0.259521117192562,1.34385182668949,1,0
-1.74823904308864,0.28149901730731,1,1
-0.908864577132599,-0.055407730737449,0,0
0.206920605597693,-0.0450776986261865,1,0
0.313473820135052,1.18471668459035,0,0
1.16177107477817,-0.516439014080116,1,0
-1.69399157959349,-0.136701463023733,1,0
1.03521758350093,-0.87092729760367,1,1
0.665834097187058,1.28384221154089,0,0
-1.27189192342395,0.643142151701732,1,0
0.609639267658474,-0.0148411682583519,0,0
0.820969183841197,-0.348444959950732,1,0
0.694870340576796,0.942707956536607,1,0
2.5308356930666,1.27222044101483,1,1
0.452242960117826,0.594546313581562,0,0
0.98874442169002,-1.22906256677203,1,0
-0.126509772666702,-0.350918659687978,0,0
0.514908473743552,0.0564993927875939,0,0
0.827929734074772,-0.732285430959282,1,0
-1.32367195246488,1.55251819048664,1,0
-0.324552655833816,0.208483093376321,0,0
-0.557867713234842,1.37386491635687,0,0
-0.902580254269047,-0.807531784794151,1,1
-1.13163679240031,-0.127181082856666,1,0
0.497081309740858,1.61653328343491,1,0
-0.547718755143793,-0.0537004604123724,1,0
-0.0894013928214422,-1.29030041813509,0,0
-2.13096317476047,-2.80546847624379,1,1
-0.900715155842503,0.343562751764609,0,0
1.23013960984617,1.00330855304011,0,0
0.0800568138008812,-0.839786484621646,1,0
0.428942801594462,0.464518298119903,1,0
-0.84529111486789,-1.67705053094594,0,0
0.234951184086494,-1.47673546389667,1,0
-1.45972613692912,-0.553332657559171,0,1
0.0281445977437043,-0.276705694574238,0,0
-0.674732904820723,-0.832547816772785,1,1
0.541982145966785,-1.17418667125517,0,0
-1.21172253264937,1.15212873037309,1,0
0.639957091978541,-1.88598955292922,0,1
-0.470958326445032,-0.719550486978953,1,1
0.194637753274521,0.727910102099604,0,0
-0.521757323718597,-0.270790830110772,0,1
-0.199163612121205,-0.333891636801393,0,0
-0.522908603459978,0.552626036357732,0,0
-1.27080772526945,-2.04817977808758,0,1
-0.38952145279669,-0.659405505612126,0,0
0.281884919925134,1.19346695410846,1,0
0.385172317142477,0.916699841136728,1,0
-0.799923542846117,-0.245707967882959,1,0
0.0623978946822989,1.54939822892391,1,0
0.507442821374047,2.58739089890325,0,1
-0.455766094327951,0.668857979836813,1,0
-1.1019165349226,-0.859794772789039,1,0
-0.784824069797018,0.120441741363303,0,1
1.75174087834608,-0.825323206942792,1,1
0.478919179848017,0.566215458066213,0,0
-0.464491930729834,-0.309715599214032,1,0
-0.265173694630008,0.0400274742023456,1,1
-1.84819775921638,1.33700836255565,1,1
0.235116196434722,-1.27413550519466,1,1
0.734832236721358,1.06546110462386,0,0
0.110686052140209,1.32205414650162,1,0
-0.864135261548242,-0.860551448746049,1,0
-1.14429739928741,-0.814252552428309,0,1
-0.459036836395427,-2.08380452153041,1,0
0.219723452607265,0.275672217127653,0,0
-0.645839637311377,1.55335342231112,0,0
0.913832417826215,-1.17949440033697,0,1
-0.944557367251365,0.899068489589301,1,0
-0.242148872676618,0.460413793636999,1,1
1.01614821834059,-1.23934683210643,1,1
0.515761019102737,-1.00490231874578,1,0
0.307109645143233,-0.357383399391891,1,1
0.661999958250878,0.596968859573059,0,0
2.21990655218118,2.06570482235134,1,1
-2.04146130160004,-1.39296617185618,1,0
1.31792827573675,0.217761863647984,0,0
-0.227775616612174,-1.86434374332493,0,0
0.725891451093802,-0.433701911593394,1,1
0.0907229839305274,-1.18912391341383,0,0
0.091637955020665,1.52011702733587,0,0
0.656811070923518,-1.07643543378199,0,0
-0.501613122722735,0.491017993006128,1,1
-0.65392340273614,1.19529603043689,0,1
-0.223163672173262,0.0737553328407876,0,1
1.3110106694351,-1.43241449462266,1,0
0.720417816405884,-0.655457532170779,1,1
1.64742892915781,-0.619564637817806,1,1
-0.596027523972924,-1.79271165112558,0,0
-0.363780576978316,-1.79162078263956,1,0
0.0290543787553003,-0.356498938752966,1,0
-0.918696701044332,1.10454015133203,1,1
-0.143853493367393,0.0616889864816018,0,1
0.326780645845316,-0.12827043656689,1,0
0.117419014525136,-0.863895589407926,1,0
0.418502399368716,-0.820656331804839,0,1
-0.622525727523821,0.716514437577878,1,0
0.712321044110977,-0.0113983816552612,1,0
0.654208769032389,1.66230891091763,1,0
-1.12120283023523,1.74329540432366,1,1
0.344827067974697,1.33729287131671,0,1
-0.591880006164064,1.35716293012276,1,0
-1.43561463858977,-1.94658170577442,1,0
-1.04123499337917,0.1257323330167,0,1
0.675638195494341,0.459895246252718,1,0
-1.46568522120091,1.51485591187956,0,0
0.601282101860132,-2.22600218617881,0,0
0.860551395079754,0.378288830300241,1,1
-0.286208336911319,-1.69367404943407,0,0
1.5776272495211,0.221927471984656,0,0
-1.8129088345035,0.186254888463553,0,1
0.462586772228397,-0.463011819700508,1,0
0.124735422520095,-0.709058887031499,1,0
0.422964963276553,1.44126379618122,1,0
1.64059441302798,-1.97759054469151,1,0
-1.62759326888993,-0.0106524752032575,1,0
0.27931186787071,-0.594237639089657,1,0
-2.84831851746554,-0.0895295570400555,0,1
0.452753456420981,1.62776787973424,1,0
-1.78151789563361,0.672959657268195,0,1
0.971517885644064,0.421562808393329,1,0
1.08730491405326,0.862490743698385,0,0
-1.23909472521399,2.22207442184716,1,0
0.4316138985491,-1.79423063060775,0,0
1.06733140597189,-0.323100631290982,1,1
-0.789681209377706,0.239534552033826,1,0
-1.35970805516439,0.668916156038144,0,1
0.588496840885509,-0.635124303722692,1,1
-0.433918208674143,-0.179604427599858,0,0
1.50058934453547,0.502632115959293,0,1
-2.24042974594191,0.389881009002761,0,1
-1.15807649250818,0.392688718623777,0,1
-0.144693769489213,-0.53406505104204,1,0
1.09103059526093,-0.478682150713286,1,1
-0.452251493926294,-1.01107682849508,0,0
-0.0422912169255924,0.145662654670246,1,0
1.17226216988472,1.26234002587965,1,1
0.441103041649345,0.781894566782574,0,0
-0.0921172331311011,-0.526233406724152,0,0
1.45296506480323,-1.31156759748378,1,1
0.13362596911673,1.33095134065507,0,1
-1.05644862519411,-0.304288733130494,0,1
-0.0235152748759659,-1.02574578138452,1,0
1.06174305015138,-0.642547557513349,1,0
-1.10407294704907,0.751560507436846,0,0
-0.0316829921574484,-1.0668851513726,1,0
-0.042233299749707,-1.3621967839153,1,0
-0.709406794563907,-0.601707402593387,0,0
0.0645310135190688,0.514845326988247,0,0
-2.22790336739254,0.552036446749345,0,0
1.3316711566997,0.439749924209773,0,0
-0.718107210824685,-0.659095799416661,0,0
-0.488047785583149,0.887323032089727,0,1
0.596621342108393,-0.431081180752457,1,1
-0.716953181147766,-0.0770665436750971,1,1
0.55826309237011,-1.28440387819531,0,0
1.53672905647838,-1.39180352479616,1,1
-0.347691982693559,0.141599710278111,0,0
0.533130572956916,-0.948445923195719,0,1
-0.38085718064333,-2.25912694783311,0,0
-0.694225290522247,-0.590393047706705,0,0
0.375028738842601,0.768229734527246,1,1
-1.97440729407731,-0.0511063311831901,1,0
1.07699577875439,0.209432121581657,0,0
0.978243726199818,0.720436794035443,0,1
0.754400206456124,1.32036620653624,1,0
-1.71984571627041,0.522873501573341,0,0
-0.626655525950208,0.151051600826066,0,0
1.00508783365273,-0.641498686537232,1,1
-0.152719948255826,1.54655238076524,0,0
1.53804508286232,1.01320820016269,0,0
-0.238467769296887,0.028012961547283,0,0
0.157020310323615,-1.04013260320168,0,1
-1.0213279502214,1.05990624351933,1,0
0.753952173481324,0.948051477221249,0,0
-2.37211428341093,-0.0618097102711812,1,0
0.371547097055528,0.731023760366874,1,0
0.508587265183062,0.847063986265633,0,0
-0.581818257092659,0.647116567056042,1,0
-0.850693190200461,0.285603096627244,0,0
-0.969159386954165,0.311754211089592,0,1
0.0541817037608829,1.43714801068122,0,0
0.750285313531502,0.0821832005037735,0,0
-0.0113273767184092,0.712956531976096,0,0
0.439891654241712,-1.17280098209173,1,0
2.9094972460916,-0.38633261352666,0,0
-0.62907407937046,1.33513959395237,0,0
-0.273658770606447,-1.02532536896249,0,0
1.17824503102493,1.45429985883892,0,0
0.826072818097391,-0.498078958040348,0,0
-0.459628921317973,0.714431099696258,0,0
-0.547765106541231,0.54508079383496,0,0
-1.62492233602502,1.71858568841583,1,0
-0.167393563968078,-0.843729189430138,1,0
-0.531010832430544,0.172268721271582,1,0
-0.997286302259328,0.810436503007212,1,1
-0.828635944827499,1.03804703448615,1,0
0.872221651367728,1.37937510718118,0,0
-0.505208866645957,-1.19431196986811,1,0
-1.06254156447756,0.15654626229488,1,0
-0.762275254946129,-1.21692987762924,0,0
-0.177072353163752,-0.282411617219134,0,0
-0.838883823588175,-0.232480292591714,0,1
0.190756688700909,0.88439900350939,1,0
-3.73522040413583,-1.40300125125144,0,1
0.420957454502146,-0.140540878657292,0,0
-2.31695803242603,-0.826598520375264,0,1
1.07227768356392,-0.14925227850023,0,0
0.563173062308635,-0.161838315581371,1,0
1.51252532287685,-0.443204874849578,1,1
0.0456168457947225,-0.273001308101617,1,0
0.414154105207028,0.326592075329241,0,0
0.354911932017898,-0.171515102633515,1,0
-0.905797043395077,-1.34683022029009,0,0
1.07938071276501,-0.930591570417625,1,1
0.475405706457167,-1.23343594073021,1,0
-1.33171684907009,-0.4136156125093,0,0
-0.766925555314213,0.0327717146549733,1,0
1.16659703924392,0.222072770373223,1,0
0.983287793620401,-0.494795584958773,0,0
-0.021619328066733,0.0104877314907591,1,1
0.0601495625507072,-0.429575851396348,0,0
1.00555799569536,0.198198114983625,1,1
1.47981870926388,0.498177879589461,1,0
-0.828278897917136,-0.746271830471281,1,1
-0.580947886147775,-0.663079486808639,0,0
0.0147620568923362,-1.13934047487625,1,0
-2.24947164918675,0.193269695109927,0,1
-0.62490209535808,0.780798117223241,0,0
1.47856626034364,1.36417120530598,0,0
-0.92916146318299,-0.0365749222087993,0,0
0.411168136164888,0.140763189182025,0,0
0.321327508721645,-0.0453687618480894,0,0
0.822840590356269,-1.14433855912314,1,0
0.490478287845777,0.990252716363879,1,0
-0.681861585492405,0.620585694682788,0,0
0.76665577020471,-1.08687803926432,1,0
0.642604137524676,-0.643642800143499,1,0
-0.94398522219666,-1.89441538991195,1,0
-0.392155354309399,-0.406265268438228,0,1
-0.278024011522198,-2.2344625107506,0,1
1.92008195409555,0.30145413139402,0,0
1.38964293856345,-1.38033291646556,0,0
-0.565460975237895,0.890543831067911,0,0
-1.42265313249097,-0.427073415851571,0,1
0.465580147463325,-1.1199532208845,1,1
0.01865821359856,-0.534528945587048,1,0
0.366155548665849,0.54910541579903,0,1
1.32017467812501,-0.57056804348703,0,0
-0.227472538904317,-0.643807050485926,1,0
0.603211847492248,0.272416407057298,0,0
-1.23887309479504,0.899122138180061,0,1
-2.39657721050257,-0.0550755054223712,0,1
-0.295176712259944,0.0660516317493398,0,0
0.0435162141578363,1.46825168669982,1,0
-0.0445124352524456,1.05408125319203,0,1
-0.570763491247414,-0.563670274672155,0,0
-0.436419719338784,-0.675475049605052,0,0
-0.302907848883107,0.278326661553505,0,0
0.15786837420091,-0.152331860757192,1,0
1.19024145642418,0.708817892558149,0,0
1.31249548140268,0.818625386284628,0,0
-1.26635974245799,0.399690178584296,1,0
0.100437545372759,-0.601460262528413,1,0
1.02728641296543,-1.27136822999102,1,1
-1.85846192199618,-0.714351566030964,0,1
-1.70832553418319,0.186596278024702,1,0
-0.691591944972195,0.0103100805627569,1,0
-2.02208368578903,-0.223755300636013,0,1
-1.10693321713413,0.892360845428229,1,1
0.397537547840594,-0.465867552301873,1,0
1.46961708542728,-0.502450840413893,0,0
0.517903197164475,-1.36694369022749,0,0
-2.33110353164749,0.511596984677431,0,1
0.11339995529826,-0.502560471706121,1,0
1.72687722898405,1.88224669794462,1,1
0.465973315399799,-0.27768182567743,1,1
-0.846207284433997,-1.25570026635645,1,0
1.12064398271456,-0.393285913411212,0,0
-0.0306138531008822,-0.399462273987999,0,0
1.07024005705832,-0.736258948968014,0,0
0.0800019506793996,-0.940234519505419,1,0
0.348757379669777,-0.571074641820953,1,1
-0.118609341463768,1.40276278417424,1,1
-1.29660228534954,1.33734296912532,0,0
-0.498773540565033,-0.161707941089554,0,0
2.09264940583343,-0.629657122519422,1,0
0.0583106160688775,-1.52784606428096,1,0
0.437274039243509,0.814646944416915,1,0
-0.899708532752852,0.593568343701564,1,0
0.139423428387351,1.06372341808709,0,0
-0.178985667500484,0.194426657373314,1,0
-0.273648682082814,-0.195432086553957,1,0
0.821286129835137,0.346879188873295,0,0
1.27179855555698,-0.0467929337619308,0,0
-1.54337220822831,0.610101406207194,0,0
-0.811061191819667,-0.097693729769996,1,0
-0.767096386255074,0.755880269885083,0,0
1.88369720894753,0.132801013292334,0,0
1.37656616766059,-0.835800379178351,0,0
0.202530268460059,0.391840559122443,0,1
0.414401522545524,0.280991801473336,1,0
-0.0695372885822129,1.1633178519976,0,0
-0.102583656171209,0.773892923877832,0,0
0.511526018054753,-1.316280107072,1,0
1.61261834794518,2.41372195429218,0,0
-0.805107617257675,0.949297792610461,1,0
-1.63469020176441,0.308086658867231,1,0
0.00245454210160715,1.82548316859897,1,0
0.27619554813621,-0.00347394560033977,0,0
-0.135363019172945,1.26878164747441,1,1
-0.626523429855363,-0.470428520959714,1,0
-0.919185142274276,-1.23674858415911,1,0
-0.173654532373416,-0.580758660400389,1,0
1.56178884613621,0.446742091625216,1,1
0.902708966443023,0.138103574464182,0,0
0.894599469379412,0.933444939975027,0,0
0.253771035658566,-0.637821969371677,0,0
-0.14263539932667,-0.960224538779792,0,1
0.304930787549302,-0.220417479564126,1,0
-0.0108964893318163,-0.060033489954696,1,1
0.0346343675708008,0.374302967058277,0,1
-1.48737599106087,0.355384862356358,1,0
-0.0152828368436929,0.8153616999511,1,1
0.484803088234959,0.64223114418671,1,0
0.200538313274626,-0.706998502412841,0,0
1.50898923916724,0.182380778863347,0,0
-0.550241754587696,0.842942309166198,1,0
-0.832703070115843,1.3076834785247,0,0
-0.0710233796957276,-1.1968904778277,1,1
0.626512070248476,1.35302213262387,0,0
-0.282064569870858,0.378533241111243,1,0
-0.511618625480406,-1.04921596288201,1,0
-1.84437216833923,1.88171468086157,1,0
0.0915537040529322,-0.757016608383576,0,1
-1.05304832781006,1.54172594692984,1,0
-0.582081554050985,-0.753257317769161,1,0
1.27415696544323,0.261529145050453,0,1
-1.46890916995584,-1.09720560089055,0,0
1.87033236940564,-1.23276054154465,0,0
0.659615833895671,-0.867214480074755,0,0
-0.613832817734834,1.89955825603005,1,0
0.733053486776126,-0.7368054889622,1,0
-1.89374409289276,0.390054397620591,1,1
-0.746140341482048,0.354764713097387,0,1
-0.602583542080365,-1.68256095378404,1,0
-0.146063543092775,-0.081137945277411,1,0
0.212937672845049,-0.339538136816846,0,0
0.243081959219516,0.797742750620981,0,0
-1.56152499151753,-0.559853984431962,0,1
0.882220572521763,-2.80281905230055,0,1
0.215909840761871,0.846740455950995,1,0
1.08799807207618,0.0582852883701446,0,0
-0.13511680486094,-0.183121799428685,1,0
-0.336595818347412,-0.236501632140515,1,0
1.28235276483045,0.580218109440441,1,1
-0.658808152873305,0.0234115708565339,0,0
0.13376521911934,-0.108570121425335,0,0
-2.17311815795203,-0.0153645286246102,1,0
-1.41953209864086,0.165445858698515,1,1
-1.76251327217221,-0.0389120413214,0,1
-0.0149443421397347,-0.822726764068886,1,0
-0.862430919395853,0.903405407812664,0,0
-0.985950629932443,0.577319145732368,0,1
0.123154373892437,-1.31165462098889,0,0
-0.202509966684768,0.579162307399584,1,0
-0.771516508045065,-1.31925453502183,1,0
-0.881515271861926,1.04346265366898,1,0
0.826888815561372,-2.30848115510505,0,1
-1.40246989060829,-0.846530088885217,0,1
1.47369324474472,0.17399310724108,1,1
-0.455607785292063,-0.458839520051266,1,0
-0.703547458718888,1.33945997714617,0,0
-0.500191337610485,1.43595673521177,1,0
-0.652602237275657,1.16356247257938,1,1
0.774242413030613,1.88053186332135,1,0
-0.926517609254946,-0.00639470386212802,0,0
0.797946360434721,1.57265398986006,0,1
-1.19768345904039,0.118202015357222,1,0
-1.59162034760483,-1.30667030721419,1,0
0.608022303119491,-0.146102226264059,0,0
-1.9952120826817,0.0769299610972844,1,0
-1.29298865756594,-0.235623976943731,1,1
-1.1427745176228,-1.36752155938652,1,1
0.532890025360599,0.488361835760757,1,1
-0.551811674735403,0.85870198399346,0,1
-1.24822821301977,-1.61637898786719,0,0
1.88636420061742,-2.77711696942412,1,1
-1.82205274950862,0.552789658963743,0,0
1.03331512865988,0.290361102118861,0,0
0.797893443854988,-1.92245440296361,0,0
-1.68570711486794,1.74621925168976,1,0
-1.37903892915182,0.265825953084092,1,0
1.22226986604338,-0.540147608842091,0,0
-0.319205854873891,-0.221501277827176,1,1
-1.43290198104272,0.749365564565482,0,1
0.17758363462847,-0.0511701125937949,0,0
-0.99131838396846,-0.996475656567036,0,0
-1.21302457187235,-1.3818214468357,1,0
0.393144722326862,0.678154397095793,0,0
0.970851551687432,-0.0264863257124451,0,0
1.45349981839211,-0.0813442687282004,0,0
0.114382262743667,0.807178558054956,0,0
0.521353979940735,0.127822595575992,0,0
1.14078013968728,-0.696740576621369,1,1
1.22323224002469,0.685301817600299,0,0
0.358726902961906,-0.302536305116186,0,0
0.381226808373967,0.694069058058849,1,0
-0.652149773297703,0.0846400624395138,1,0
0.321106168005375,-0.197819296016993,1,0
0.416665648579138,1.33380272067645,1,1
0.45900060302132,0.0132476628778415,0,0
-0.24930667953718,-0.56824306200276,0,0
-2.62215681077087,0.444894737524221,1,0
1.90836643984999,-0.24292367459749,1,1
1.26124227722043,0.158372766419499,1,1
1.07816264630958,-0.492551257140639,0,0
2.46731136075734,-0.905709345389882,0,0
0.136427083989653,1.05847885731084,0,0
-1.09920081704299,-0.0846217493668998,1,0
-1.1265253033923,0.471708835682694,0,1
1.28585856281229,0.354892670443968,0,0
-0.74746404120327,-0.720283386224777,1,0
-0.310725455992759,-0.0265854511146114,1,1
-1.10374681030572,2.23728407516865,0,1
0.331359987313673,-1.71194282760338,1,0
-1.18859149208327,-0.585296429533668,1,0
2.03092349324361,1.48790620084433,1,1
2.79956027776386,-0.008773473069737,0,0
-0.86260845563484,-0.714433451968966,1,0
-0.785262355760135,-0.772756839438183,0,1
1.59694075723209,0.90297800802878,1,1
-0.478447643648014,-0.210702086023831,0,0
-1.28671904074266,0.567531736460622,0,0
-2.11033028908744,-0.858690918416414,1,0
-1.0076748634054,-0.614087729212024,0,1
0.233469661434617,-0.43031040887856,1,0
-0.821602930653794,-0.418578713893002,1,0
2.05598638252344,1.29705513193589,1,1
-1.06147683969106,-1.56718202967484,0,1
-1.28191913560076,-1.18521649545536,0,1
1.12871766918572,1.30233325893917,1,1
0.153056722751047,0.320177903683106,1,0
1.40406819250615,-0.0271553311750702,0,0
-0.498798753983258,-0.604128363195916,1,0
-0.296637781210828,-1.42164089576176,1,0
-1.83765890926853,-0.657872043205865,1,0
0.187743758324382,0.632895318426582,0,0
2.3932239621306,-0.105794525569479,1,1
0.662821867327659,0.546786014136536,1,0
-0.608035692065728,0.413361696071947,1,0
-0.542362185774016,0.131376452617217,0,0
-0.575644957914968,1.25585712185969,0,0
-0.0489550411081083,-0.930369379554805,1,0
-0.321840738121112,0.698495385569772,0,0
1.06032167646427,0.313810178672925,0,0
-1.153324451903,1.8354206792958,0,0
0.772540507531962,0.583315426267189,0,1
-0.949051954892059,-1.65740609188909,1,1
1.2419997249316,-1.12492032193786,1,1
0.393337586857041,0.182438138170205,0,0
0.609982752039931,1.30553454681188,0,0
0.262819059487659,-1.21372389718447,0,0
-1.61489080942168,0.323486666831124,1,0
0.249615767913257,0.251904523400727,0,0
-0.624212888843058,-1.22151637318713,1,0
2.01620254954856,1.19061413203762,1,1
1.23330569643719,-0.836783603183566,0,0
0.536213432944921,1.60349347457172,0,1
-1.78539690365969,0.386775567724239,1,0
3.17372546841824,-1.78646324856167,0,0
0.172365987787634,0.120001579156943,0,0
-0.379560836220304,1.31507906467594,0,0
0.319823011788255,2.23011446942927,1,0
0.296781080703792,-0.1156812470273,1,0
1.22000140210484,1.15382503628958,0,1
0.916458697442555,-1.08413278586918,0,0
-0.853619799137682,-0.223682763140376,1,0
1.02421626994299,0.328833505158005,0,1
-0.713835209583857,-0.380311221432527,0,1
0.109626922327656,-0.420351568045111,1,0
-0.422649395920722,0.297454121322275,0,0
0.563722369358108,-1.4359448679375,0,0
0.780554620353989,0.166954108492343,1,1
-0.97126619150209,1.06897405406269,0,0
-0.570237391750344,1.03178182306956,0,0
1.29670608805565,0.914277356581048,1,1
-1.23133872050698,0.410198398967685,1,0
-0.0280402511974558,0.240698913591785,0,1
-1.14488393477548,-0.456467921036494,0,1
0.593900570705925,1.45520076344612,0,0
0.620296845574436,0.266760462082284,1,0
-0.130352632094505,1.37564918380287,0,1
1.657199624763,1.60170731611738,0,0
1.03387863788704,-0.718626072404037,0,0
-0.501157830444105,-0.422880685565676,0,0
0.544011006627896,1.38584343437643,0,0
0.197329808918781,0.989739881412065,0,0
-1.45364925377871,-1.02623166456669,1,0
0.784657276381559,-0.888123116374129,0,1
0.287981871587783,-1.0605638704179,0,0
0.67745325057226,-0.335607186138011,0,0
-0.13189226463998,0.600442751295737,1,0
1.57831242139847,1.07577721537532,0,0
-0.761993382161219,-0.319831692000455,0,1
-0.157351206115446,0.368872131552904,0,0
0.145497412173041,0.322079003168281,1,0
-0.429322098201858,-0.272162184487077,0,0
-1.18115421470372,-1.18036456515884,0,1
0.759095396774303,0.280980858524348,1,1
0.472079406444681,1.43239055934023,1,0
-1.11173566723727,-1.93430745112067,0,0
0.11210824576312,-0.195006020745176,1,0
-0.628267035468678,1.11600043216717,1,0
-1.09913438587689,0.163201043109213,0,1
1.02690569594217,0.271389317312912,1,0
2.11750406357605,0.654718549377529,1,0
0.469927325669564,-0.41588491051953,0,0
-0.0456232286981286,0.786113453999525,1,0
-0.0897270356188922,-0.411163165864886,1,0
0.0224468886897371,-0.0923581351650232,0,1
-0.530485188073352,-0.0591952352655721,1,0
0.92465423572203,-0.73200732886712,0,0
0.668766607348485,-0.489899971565252,0,1
0.309351456541646,0.565190833915587,0,0
1.47440632309969,0.293491041912416,1,1
-0.102670905703094,-1.41912554158329,0,0
-1.00708877466461,1.25803676124853,1,0
-0.205511223577414,0.683945166493784,0,0
-0.221859028224664,0.783664881028205,0,0
0.224149367876093,0.294184718692458,0,1
-0.465342126834651,0.112937542802916,1,1
-0.386764819925949,-0.834844263526885,0,0
2.22349046907876,0.341785893788106,0,1
1.43367730883989,-1.33764402939027,1,1
0.262762444731978,-0.698415109772525,1,1
0.546534155797952,-0.437951623817014,0,0
0.294185158198257,1.06839247544397,1,1
-0.044901938129438,-0.503922800852403,1,1
0.603707449769877,-0.805779930775414,1,0
-0.0959914994299332,-0.272528335956139,0,1
-1.15708768305444,-1.2887843841528,0,1
-0.804869536514157,-1.46794670130577,1,0
1.6104258461803,-0.511746313817297,1,1
0.785881300144223,-1.24116747343803,0,0
-0.0366187383036287,0.471201701372284,0,1
0.5562313233682,-1.36242517763817,1,0
0.110120519667114,-0.96406031563549,0,0
0.454695962985735,-1.50109874166213,1,0
0.110022165806541,-0.606982555538997,0,0
-0.685558863532795,-0.429596616818828,1,0
-1.00439413441518,-2.2036554147377,0,0
0.936069739281834,-0.692720749768642,1,0
-1.01548990974431,-1.27252142808657,1,0
-1.44276550827837,0.100226638837278,1,0
0.851986302423244,0.163263293966489,0,0
0.520969725731527,1.90177663832981,0,0
1.90063089452802,0.0173141000713455,0,0
-1.2280473015573,-1.0046795387983,1,0
1.83156069553854,-0.936647757319971,0,1
-0.0990590160811105,-1.12535594943256,0,0
-3.02821720708079,-0.536605865320893,1,0
1.47342884584118,0.331267998273315,1,0
-2.28933094043694,0.300709564902533,1,0
-0.835502446612726,-0.131783458450382,1,0
-0.405640683670442,0.521461788689361,0,0
1.05571473192613,-0.196824125880412,0,0
-0.889629870920797,-0.942268132550154,0,0
-0.438755612980093,1.05463055331447,1,1
-1.17500207340556,-0.404901895491526,1,1
1.03635903296244,0.504083376243404,0,0
-0.45106028457264,-0.118530456589281,0,0
0.613925901136103,-0.580629725190294,0,0
-1.24848902365759,-1.20273572863731,0,1
-0.26767819826547,-0.21691485051123,1,0
0.666587016771948,-1.00972691114765,1,0
0.47456415760179,-0.301694005796843,0,1
-0.426456324768165,0.455437112131923,1,0
1.48619391423958,-0.415557990332686,1,0
1.34371368132108,0.482495025937125,1,1
-1.69971057647199,-1.49592621017104,1,1
0.619064664859309,-0.913623582521553,1,1
-1.76279609796447,-1.95455637478831,1,0
1.44774115427312,-0.157828039202795,1,1
-1.59778504336355,1.62309493785517,0,1
0.316687463450156,-0.274384413937723,1,0
0.505512563883715,0.898998140844048,0,0
0.414164645916323,-1.83309095712213,0,1
-0.444680844462407,1.56717800805884,1,1
-0.0960109811248771,-0.60442994857162,0,0
0.52629394483899,0.138216934707654,1,0
0.388703197021198,2.4401938455622,1,0
-1.7206807807906,-0.666415067625437,1,0
1.35644785959719,0.769592495996343,1,1
-1.6678383540965,0.511575832085244,0,1
-1.35134449799648,0.581845666643071,0,1
1.20084130134213,0.555325610424352,0,0
-1.84535310380785,-0.0188444466905075,1,0
-1.71859517431644,-1.31256064318481,0,1
2.51967134414537,0.0275205127520825,1,1
0.525487649654119,-0.894257477669379,1,1
-0.730815734553033,-0.374608882005802,0,0
1.11626092705289,0.847309796011328,0,0
0.145028926858521,1.85325817693735,1,0
-3.29028149802527,0.927814834286938,1,0
0.562515643806003,0.34919149920184,1,0
0.445566656280466,0.994844124008749,1,0
0.825158314978267,-0.749103034713348,0,0
1.0150076791995,-0.672582796485959,1,1
-0.871752242574442,0.519328572562289,0,0
0.323394780555961,0.580276496810453,1,0
-0.213550341271543,-0.0217920506144391,1,0
-0.259369963821145,-1.64371123193326,1,0
1.98347948413111,-2.59729154034981,0,0
-1.01204998440805,-0.462461582890077,0,0
-0.114134836692659,1.31394636972474,0,0
1.13757786960631,1.31707450333112,0,0
0.641486060647026,0.0234922341913612,1,1
0.21128984306113,-2.28683979837046,1,0
-0.1400679972069,-1.76675114399547,1,1
0.164454256151617,2.00166188013956,0,0
-0.743272364201814,1.57688090966983,0,0
1.04696343193396,1.44660059548559,0,1
-0.86315927605218,-1.4532686967594,1,0
-1.52880715888908,0.0935545315301235,1,0
1.5804729135017,-0.186712621800993,0,1
-0.203721738356094,-0.10674703879469,1,0
0.714772816562887,-1.55691202937165,1,1
1.41786766657539,0.645432780313858,1,0
-0.697028937626555,-0.0761458326694875,0,0
-1.14429213712398,0.247255148494374,0,1
-0.920488478828453,0.425521032472468,1,0
0.733470983199653,-2.06698210435786,0,1
0.0243150529342213,-0.652025677170533,0,0
-0.408656523335651,0.430822253954218,1,1
-1.98655320879432,0.0286907444228841,0,0
-0.397112840070049,-1.07430236352392,1,0
-0.37243957733366,-0.0704552276364413,0,1
-0.648540346172187,2.14505562834827,0,1
-0.806925044961305,-0.970323240107122,0,0
-0.0585873445429203,-0.229356878299106,0,0
0.774492863572832,0.875168087326408,1,0
0.356153844013732,-0.518676006616693,0,0
-1.53031715222215,0.958635263738076,0,1
1.44409634020514,-1.4636658581728,1,1
-1.38996297862722,-2.48621854316075,1,0
-0.692332061999487,-1.06581946324308,0,0
-0.437964576068794,-2.02807635388364,1,1
0.536454363258944,-1.54557069745057,0,0
-1.03617354151602,-0.419196132310422,0,1
-0.704880331681548,-0.0128058324003079,0,0
1.37255423403997,-0.471115234268019,1,1
-0.429001903646772,0.570223274961892,0,0
0.619742842820503,0.0306883483610223,0,0
-0.786988339196624,-1.70374612595413,1,0
0.14102618669257,-0.994501391915953,1,0
-0.718045572768142,0.524573066521497,1,0
1.22621041028764,-0.211470423913909,0,0
-0.103429551758294,0.322778996249463,0,0
-1.22574672636134,1.04160741493645,1,0
-0.190968973623653,1.59765380620815,1,0
-0.752130373982998,1.28519064602418,0,0
-0.0836158543858335,-0.936616186527634,1,0
0.67234871723086,1.04409462060866,0,0
0.131200752038124,-0.640500339373055,1,0
-0.505508253464947,-0.321962441702784,1,0
-2.32693883386376,-1.12508802375297,1,0
-0.182514314050331,0.228721196079622,1,0
0.135997393364372,0.0324915393147108,1,0
0.0617381302254491,0.468847006504667,1,0
0.265523559340657,-1.017629088817,0,1
0.601249012638763,1.35012661708678,0,0
-0.0135701460252028,-2.47965019929791,1,1
0.672046854165949,0.481266688963536,1,0
0.6630247119189,-1.87718388442231,1,0
-0.202808032886614,-0.849373585214977,1,0
-0.450244843636091,0.356840838728041,1,0
-0.853807303732277,1.72913655971984,0,0
0.826142998758696,0.325344078014918,0,0
0.263801875560723,-0.27621848119689,0,0
0.982235436991224,0.70600403796366,0,0
-0.253308826576657,1.28323128917479,1,0
0.714885763376768,-0.104806529557348,1,0
0.219767592371653,-0.25903842794399,0,0
0.303775078087072,0.74171871310945,0,0
-1.42154460579673,1.69454053540462,1,1
0.217443702430772,0.0867262490575194,1,0
-0.92828257970622,1.57157340445432,1,0
1.0395758463806,-0.335257739269109,0,1
-0.210431731329397,0.742252008041415,1,0
-0.41529284355609,-0.464428928329889,1,0
-1.94053778438513,-0.0702057839942848,0,1
1.51077894967827,0.583280123645402,1,0
-0.0521145149324263,0.0428407224864123,0,1
-1.41185276677812,-0.305131441310156,0,1
0.723973722033182,-0.493767795880222,1,0
0.105833241444236,-0.535743414337154,0,0
0.25609552696637,-1.14914503109382,0,0
-0.310304570526512,0.420821358202377,0,0
-1.20466215815135,-0.383253319666889,0,0
-0.177396388779284,-0.40293050364564,1,0
-0.562018673172265,-0.60440201207047,1,0
-0.272026814335713,0.0152327303776542,1,0
0.853807327428035,1.3471962157745,1,0
-1.34733136119542,0.326281674946995,1,0
-1.16040649565908,-0.530769785900926,0,1
-2.46073902089228,0.603015593677954,0,1
0.732641745554754,-0.095550250981679,0,0
0.802867336663528,-1.53647419556957,1,1
-0.911563290477146,0.245022981927939,1,0
-0.0663405960944062,0.0986762105279324,0,0
1.9987036229942,0.349391325063662,1,1
0.673564626767182,-0.849359631981334,1,1
-0.395126176948716,1.3573366515362,0,0
0.273833357908934,0.988604279814843,0,0
0.177264877418948,0.559035688132055,1,0
-0.532819079134296,-1.68267479523137,1,0
-0.304681920929072,-0.513376647458832,1,0
0.448698549269432,-0.92824732309185,1,0
0.981582358316314,0.605904044947588,1,0
-0.9765968549186,0.452061069884912,0,0
-0.864581976226667,0.61441826971388,0,0
0.316843506357666,0.504562241246126,0,0
-0.757606299164864,1.25752573037787,0,1
1.94494639264659,-0.517223952236074,0,0
-0.0720745529218284,0.804176059352526,0,0
-0.338868685364395,-0.204105643659456,0,1
1.12935773613801,1.21734337301987,0,0
-1.07137764906873,0.948103729283592,1,0
-0.30532563881194,-1.22753648209408,0,0
-0.242732980334662,0.681058946809242,0,0
0.28678719904181,-0.521921684863102,1,1
0.455183295232257,0.573294147741366,0,0
-0.375674077797424,0.586636009134393,1,1
0.909237779939309,0.986510519844642,1,0
-0.449274453161771,-0.953796092786612,1,0
1.80826889904784,-0.616049389038123,0,0
-2.14415806048174,0.751784515515429,1,0
0.126475392568386,-0.19816276868351,1,0
1.59104226254252,-0.707768260282108,1,1
0.59223442871394,1.1924073142664,1,0
-1.55321056120969,-1.89513378152626,0,1
-2.08970578193388,0.431016358140238,1,0
0.801409011691809,-1.14035421878428,0,0
-1.76573162506032,0.527173290597745,0,1
0.130739072350959,0.311218640461842,1,0
0.920297907410431,0.955045090834843,0,0
-1.66743727480768,-0.537064641004381,0,1
-0.994634872053332,-0.0371572333206631,0,0
-1.96792293686858,1.31261882880574,1,0
0.162638883480519,-0.181765912919818,0,0
0.0238519551825402,0.694048135425139,1,0
0.972384283457612,-0.338431496249857,0,0
0.773240268687666,-1.15088147898986,0,0
1.01052749809487,0.348411321492229,0,0
-1.42642767731916,-0.361539853215467,1,0
-0.370437296486745,-0.497828774602876,1,0
-0.481196230361432,0.912147148427928,0,0
0.214498013031898,-1.20360722749084,1,0
0.689638429019832,-1.07793594210831,1,1
0.809650526745921,-1.64016555723989,0,0
-1.17137520380733,0.688772652205752,0,1
0.171070856047443,-0.323796981145899,1,0
1.86957749954958,-0.62663201400677,1,1
-2.15829181852728,0.538999728986234,0,0
-0.46511181892029,0.663254920483578,0,0
0.917483981271868,-0.0828648334468379,1,0
0.826532587921528,-0.505685999994772,0,0
0.489042681302915,1.17449557133763,0,0
-0.0248542855612128,0.885804535183339,1,0
-1.26343014421464,1.36009611023279,1,0
0.112328869001924,-0.359811372458484,0,0
0.0633619860471332,-0.221162028227588,0,0
-0.0838715885935298,-0.118136703114875,0,0
0.908701232424939,0.176805855197814,0,0
0.881786080313501,-0.927238193911142,0,0
-1.07179608597618,-0.948161695900836,1,0
0.563155849792946,-1.101013129661,1,1
0.161728364791079,-1.79844034972785,0,0
0.447023698120461,-0.983163053237943,0,0
1.52516233751929,-1.33675878046046,0,0
1.42394755983111,-1.08290393334741,1,1
-0.295702440698413,-2.34283802253836,0,0
0.0181529004390027,-0.526270756705764,1,0
-1.22569002287949,0.469096062629954,0,1
1.24921987468568,-0.140041868076776,0,0
2.06891772085025,0.212040274665024,0,0
1.45758452331476,0.220715576926338,1,1
1.21367969398063,0.264353012004873,1,1
-0.4261059536721,-0.590317608574183,0,1
-1.85400077100918,0.508163734661528,0,1
0.911865954220559,-1.57061018373383,1,0
-2.72496910655971,-0.180033709438926,1,0
-0.65321345380122,1.87266206008545,1,1
-1.6136715676453,2.49640448734434,1,0
1.15720394507936,0.253202543775696,0,0
1.1138295921259,-1.47166743229888,0,0
1.57247020062825,-1.30430510985621,0,0
0.716123256703594,-2.60075251345983,0,0
-0.662587340560693,0.000906483870064452,1,0
0.98161117611419,0.112661958212586,0,0
-0.476568559098074,-1.81016676931589,1,0
0.661432830708739,-0.260537753359814,0,1
-0.762935424722053,-0.268785811454617,0,1
-0.615801028554074,-0.532900054953139,0,1
0.5630955538815,0.461877496282326,0,1
-0.360070803630301,-1.83313612179521,0,0
-0.183434735074277,0.0401250677997428,0,0
0.13355277202444,-0.770481548609361,1,0
1.16556668939412,0.0319097679521193,0,1
-0.567335611002108,1.07769169193301,1,0
-1.2769088631149,1.12215260760025,0,1
-0.103467642985963,-0.145478445322643,1,0
-0.528035811447395,0.0551872215121724,0,0
-0.177781221078141,0.148443359130713,1,0
-1.12830555518464,-0.26000252150312,1,0
1.2766599455592,-0.702758253600538,1,1
-0.912827597449018,0.738063298839909,1,0
-1.85729554410915,-0.0831675752235773,0,1
0.267109413701076,1.6191328954042,1,0
-0.750785588120052,1.82999443181006,1,0
-0.231350152779621,1.62942698785663,0,0
0.69309792880221,-1.15387000885778,1,0
-0.23967125381021,-0.0321010848827573,0,1
-0.316181198506565,-0.641268131996729,0,0
0.745230331702147,0.409167634276451,1,0
1.91093202316542,0.945010598650921,0,0
0.38942196284946,0.34521376005477,1,0
0.194934920698688,-1.10471984761502,1,0
-1.88427897036462,-0.471577823439732,0,1
-1.18173792689446,-0.564792885684515,1,0
-0.834515468960337,-0.205421422387071,1,0
-0.464533313920934,-0.912344820401535,0,0
0.515860988484592,0.0950142974317191,1,0
-0.36902789627716,-1.24817974860398,1,0
0.216209062655528,-1.00565098746479,0,0
-0.490705640660944,1.33421106801972,0,0
-0.403920809622625,0.317655104675927,1,0
0.902906974868206,-0.878331954821334,0,1
0.0172853877159633,-0.415122991240862,0,0
-1.18909483377816,-0.523458950314569,0,0
-0.360450149185253,1.05352057797286,1,0
0.316270162614286,0.475415181554921,1,0
0.251332081575042,1.3249847418121,1,0
1.27506301538151,-0.988385393449428,1,1
-2.55081165913562,0.17915016223275,0,1
-0.989830505889454,0.618068449155821,1,0
0.634314228785083,-1.07779270366204,1,1
0.156211856479503,0.188733618195498,1,0
0.465395571353235,0.80454660192987,1,0
1.91980921111262,-0.104521567499796,0,0
0.31085507728132,1.26164441030723,1,0
0.378352134332389,0.155865190856861,0,0
-0.362287635717596,0.527881178061068,1,0
2.6405499641758,-0.587851532646805,0,0
-0.066680908269286,0.464478945285555,0,0
-0.236607582675567,0.110826803530243,0,0
-0.850749294696754,-1.49451391609889,1,0
1.14908046907108,-2.35325078177812,1,1
0.277983557965278,1.52037235213002,0,0
-1.32836744613794,-0.116824813961205,0,0
0.359812358115356,1.96272607109186,1,0
0.62413413025269,-0.635810292189682,0,0
-0.0475144845910105,0.677720229511378,1,0
-0.299745229411132,0.301141645588247,0,0
0.14426012178952,-1.4996518426671,1,1
-0.915882291402854,1.82295933524531,0,0
0.901238335795356,0.25649007361985,0,0
-1.24054563359242,0.149504964001432,1,0
1.02464820203591,0.623258740401715,1,0
0.470251646131825,0.180456700080515,0,1
-0.441706290490526,0.819006825965151,1,0
-0.506415710340733,-0.343437993506008,1,0
-1.30708079657058,-0.410143153259881,0,1
-1.76943020305094,-1.23668350028146,0,1
0.470269694874375,2.54704134223654,1,0
-0.873536566499136,1.51399681489703,1,1
0.589640622980995,-0.783198428178563,0,1
-2.20392013411608,0.633751421684405,1,0
0.686122816381005,-0.479263194380466,1,0
-0.718171242347179,0.00364853640573034,1,1
-0.0211590662094469,0.134535962479194,1,0
0.760337173651155,0.395479490921703,0,1
0.966162489484342,0.516368774029613,0,0
1.10608649059158,-1.70239236043898,1,1
-1.07191221863297,-1.73720655439695,1,0
-0.619927507302163,-0.681942164613468,0,0
-0.207274722062885,-1.49816278464122,1,0
0.515327785797054,1.73052300354441,0,0
-0.098493792905504,-1.51094699660958,0,1
0.921881924384446,0.445363315861442,0,0
-0.807701162497661,0.143955804056488,1,0
0.518655178443597,-0.778731845820277,1,0
0.25396105089916,-0.23698091080511,1,0
0.496885266834292,-1.16540138387012,1,0
0.516229581656738,-1.193754122264,1,0
0.216002556988505,0.243144791061942,1,0
1.40593862504114,-2.21416091845677,0,0
0.066380751828121,-0.0734091614070254,1,0
-1.28084440014503,-0.630701370291538,0,1
1.14260698071282,0.82496528660291,1,1
-1.96658092294844,0.13687441536066,0,1
0.667635930854093,-1.14246193638972,0,0
0.984149158318633,-0.444113686062073,1,0
-0.136593285420621,-1.31439096660645,1,0
0.490473772183716,-1.45868366643319,1,0
-0.838704390606874,-1.21103850388242,0,1
-1.04871914138738,-1.33283814448081,0,1
-0.202259273284922,1.2017062503409,1,1
2.25980239331917,-0.558461789583587,1,0
0.93240884352054,2.44222261490052,0,0
0.828577507269235,1.87759545245882,1,0
-0.793989061690781,1.8432482041297,0,0
-1.74015848969276,-0.99593881488592,0,1
1.45990907048684,-2.1765040999501,0,0
-1.19536786175889,-0.572504222526567,1,1
0.1954818077172,-1.17423906181242,1,0
1.37884475522978,-0.822840700924432,1,0
1.10075247626438,-0.369266435341161,0,0
0.0395568047896319,1.06721726503124,1,1
0.298031369656762,0.279530875120931,0,0
-2.96394542413392,-1.61383567717985,0,0
-0.0211080712748405,-0.863271591550643,0,0
-0.689161653253103,-1.81875241603016,1,0
-0.548628346432468,-0.552812409496421,1,0
0.0107118848846619,0.629529629744531,1,0
1.05040867501041,0.225298354301677,0,0
0.360076396502509,0.168666839925107,1,0
-1.67479178561562,-0.250884551822467,0,1
0.34282432462869,0.213469455188292,0,1
-1.21597632127452,1.68845635253284,1,0
0.219640439556877,-0.038055836584456,0,0
1.30710053698788,0.736916711657339,1,1
1.35724146234668,-0.00904937578908265,0,0
-0.34349257485744,0.24676137777934,0,0
0.419688494588276,-0.0911692234688481,1,0
-2.25389418005685,-0.767585172022254,1,0
0.102152929448516,-1.21243359840657,0,0
1.93991230273992,-0.43183362979935,1,1
-1.05441982197234,1.18176098530023,1,0
-2.58796497883471,0.0709108484509135,0,0
-0.7936099490713,-0.327548067923691,1,1
0.221419394310534,-0.767751319896521,0,0
-1.59300832885364,1.02055080106213,1,0
1.02277524920691,-0.118803549202484,1,0
-1.37510464119373,1.59977729943245,1,0
1.2731772184459,0.204462372327494,0,0
-0.120807174414272,-1.74556862474262,0,0
-0.345392795841359,-1.07494171491526,0,0
-0.708198252471295,0.0539590692865404,1,0
1.44281400632884,0.0564483421187,1,1
0.473977337445363,0.875256247722618,1,0
0.984441090066619,-0.654568143691719,0,0
-0.881081787916349,0.760638981815298,0,0
-0.608186941047208,0.378007218834561,1,0
-0.334927040121192,-0.986479885586848,1,0
1.12849730760389,0.463147276714161,0,0
0.294417147657194,0.764201322435684,0,0
0.401322366879724,0.856498790221556,1,0
-0.447997466772462,-0.443511126032414,1,1
0.37775513299063,-0.204112092293621,1,0
1.02000996982514,-0.596932358247427,1,1
-0.221455440896357,-1.51980737710031,1,0
-0.366810892774047,-1.20258805588094,1,1
-2.1590492069586,-1.56378233745748,1,0
0.259044434647447,0.896694722103499,0,0
-1.04317964735023,0.253912627588156,0,0
0.687594754830589,-1.32202400528796,1,0
-0.310983742221842,-0.742200800579532,0,0
0.286428991560635,-0.476570314914681,1,0
0.481859820217196,-1.5972153091133,1,0
-0.297267812704355,-0.663815731185056,1,0
-0.480326161253296,-0.739861438247903,0,0
-0.50152323180273,-2.01127797592973,0,0
-1.57948481021504,-0.380845073504508,0,1
0.0443891361680845,-1.04451525182002,1,1
-1.41470762686435,-1.65051303376239,0,1
0.982417840117848,1.4477726002381,0,0
-0.00967636854163958,0.849347270549534,1,0
0.393396317975875,1.42756054636123,0,0
0.0470275506922888,1.20924519511153,1,0
-0.161941409513993,0.238612651645169,1,1
-0.431573166844366,-0.258142417667138,0,1
1.11340991622109,-0.79788904398537,1,0
0.787299865941168,0.543864822013788,0,0
-0.0187118090927893,-0.232902877494702,0,0
1.11246585365756,-0.415526442783998,0,1
-1.57653658894464,1.17097353812173,0,1
0.748630888729411,0.560176913748587,1,0
-1.73888892749597,-0.214870170842333,0,1
-1.24004150468728,0.530481106781604,0,1
-1.43225167928688,-0.579758117273713,0,1
0.914963875262378,-2.47689924204344,1,0
1.15246999147432,-0.191450439353415,1,1
1.66651911708843,-1.34701242454278,0,0
-0.261571231612631,0.297413371691765,1,0
0.108614357924308,0.442319415851262,1,0
0.600066912899204,-1.29337144759999,1,0
0.918788487681046,-0.896555032526118,0,1
-0.246961194149028,-0.0935859879885918,0,0
0.142987531499283,0.56515601793711,1,0
-2.52138249044533,-0.39638474998732,0,1
-0.235690470657994,-0.0265411996138549,1,1
-1.92905830129644,0.781233669858629,0,0
-0.578442640455199,-0.754055726182271,0,0
0.7192798897991,-0.803618717053732,1,1
0.481375127417138,0.539973219853715,0,0
-1.22195870605985,-0.811253744762982,0,1
0.87982742968481,-1.46661373265963,1,0
-1.61835695688546,0.453392229192001,0,0
0.994082203019294,-0.435989985768362,1,1
-0.268343622281694,-0.145103578328612,1,1
-1.52453355398878,-0.550207495699439,1,0
-1.1338142807038,-0.336157438256743,1,0
0.172382356808794,1.3741096424808,1,0
0.542613004625652,-1.30584947841983,0,0
-1.80914106003353,-2.11272411932055,0,1
0.0810413743357855,1.03813542205654,0,0
-0.213728821280119,0.903231179123846,1,0
0.06848722217742,-0.617426751707624,1,0
1.26828628241433,0.387019260089085,0,0
0.265075100859475,-1.31727213204491,1,0
-0.280026862592414,2.37433613968296,1,0
1.12495421285277,0.671537681268909,1,1
-0.965805362234921,0.470111574438881,1,0
-0.71271517396018,-0.520734219570602,0,0
1.69137603706096,-0.540046905210548,0,0
-0.38857142704829,-0.825448864261658,1,1
0.99871513739305,0.415231386188222,0,1
-0.600552143650642,0.78942128940533,1,0
1.76870698319136,-1.2981824734051,1,1
-0.489856210649024,-0.0058001065852415,0,0
1.44778044769703,-0.688972296736497,1,1
-1.00037052888459,0.553548931933598,0,1
0.220690350702395,-0.0934744259886551,0,0
0.224194548871401,-0.328050120708907,1,0
0.0137080689066621,-0.840973981191323,1,1
0.495704579847176,0.78962056565575,0,0
0.0122967883357537,0.0989359501113648,0,0
-0.00920130346898289,0.563113735342945,1,1
-0.40536344676885,-0.0850471393283468,0,1
-1.10548530329113,-0.229947173089877,0,1
-0.524393961591707,-0.988136536718023,0,1
-0.441588632393655,0.216999966341202,0,0
0.620103451386784,-1.82625154114952,1,0
0.605622393998253,-0.20406044148184,1,0
0.169302541979326,0.0696552935222361,0,0
1.56223591432288,-0.459017812046844,1,1
0.500781684867386,0.165059834150765,1,0
-0.167313543148597,-0.438067561869115,1,0
1.1956579826631,-0.706919249959394,1,1
-0.480171387654995,0.272110242645991,1,0
-0.676401578322951,-0.493103581345914,1,0
0.643123862663193,-1.1546665213306,1,0
0.130245197191484,0.483421785033138,0,0
-1.04287206942143,-0.646590262286381,1,1
1.87014146973598,-0.761763801167524,1,1
-0.223371376729225,-1.0562926852892,1,1
-0.715114278284684,-1.86196649686846,0,0
-0.855279120023245,0.130393189930786,0,0
-1.09276596230543,-0.661500581684659,1,1
-0.725110172046945,-1.78738268048674,1,0
1.48132228727593,-0.185431826159781,0,0
1.11017817922284,1.44526914410217,0,0
0.843513904208473,1.62349454283227,0,0
0.600116604376187,0.259634816941666,0,0
0.284692422587312,-0.585125336814862,0,0
-0.0924860859111275,0.410868330287296,0,0
0.526199179637407,-0.592048000756661,1,0
1.89907664664996,-0.548327007030763,1,1
1.05172473215553,-0.884659642775428,0,0
1.46260823941849,-0.570301472153648,0,0
1.59594051377054,-0.390879817879135,0,0
-0.767293143333057,-0.602907608006065,1,1
-0.313062687335892,-0.234406466746605,0,0
0.256199727736079,-0.434383232134194,0,0
0.97920148145399,-0.660753698939411,1,0
1.20993007875003,-1.94064570432831,1,1
0.178726531993304,-0.598498354434757,0,0
-2.18262660284027,-1.27440337084804,0,1
-0.33896455699764,0.973442369301133,1,1
-0.58084580794656,-0.106950417689298,1,0
0.605395341030293,-2.17768230510904,1,0
-1.3015307426152,0.700669458459193,1,0
0.790421085389786,0.373086849661097,0,0
0.355882126425629,-1.32968710386374,1,0
-0.132962581059451,0.154013576275109,1,0
-1.13142059246245,0.445326478177288,1,0
-0.752956685598287,0.721041274848765,0,0
-1.80261066524264,0.919732809543747,0,1
1.07057711324959,-1.8421371886348,0,0
-0.0552350499007886,-0.936207293433288,0,0
0.922143987670906,2.06038642025872,1,0
1.37165406844625,0.584275871532311,1,1
-0.78885488432145,-0.301184682144505,1,0
2.04837943068706,0.869186719461199,0,0
1.16784970713016,1.14957430042288,1,1
-0.00860486615052158,0.950835103714999,1,0
0.0866250939066737,-0.727717476712626,0,0
1.69923856674319,-0.482102753840773,1,1
-1.03953301574963,0.98558117222285,0,1
0.389574049852079,0.22983371578953,1,1
0.951589516066571,-0.0294017991014876,1,0
-0.803562704022695,0.978197738816122,0,0
0.582669291794194,-0.585057833659246,1,0
-0.241395064229156,-1.1409971558018,1,0
-0.592696092847842,-0.0744037821827022,1,0
0.476607240009623,-1.41603710979073,1,0
0.860154453881915,-0.515800373276911,0,1
0.180657143705318,0.756003018364044,0,0
0.128830910105562,0.928705857024225,0,0
-0.577570896442478,-0.477480956105697,0,0
-0.368167661448123,0.025419601983491,1,1
-0.963214261215738,0.801084352069454,1,0
-2.55846967927002,0.144413790704589,0,1
-0.0276776763277654,-0.949866302976799,0,0
-0.0588642065063462,-1.53821394128467,1,0
0.410647655076105,0.98428398124182,0,0
0.492970069401412,0.0884678786652957,0,0
-2.56913826745377,-1.33174058371365,1,0
-0.507898736250298,1.53094848894565,1,0
-0.0473375549853013,-0.951914768298955,0,0
0.866264664659781,1.20203547688137,0,0
0.670830491271387,0.829455132599942,0,0
1.69608706918177,1.23627693168784,0,0
-0.327129239887,0.589036894306441,1,0
-1.63412627193373,0.591021679526232,1,1
-0.271759825688211,1.28431042686364,0,1
-1.51149579471519,-1.07093276263878,0,1
0.172587621381972,-0.647391763649091,0,0
0.911863630219157,-0.586247578291051,0,1
0.206869180345551,0.229150269247263,1,0
-1.62063182851075,0.792613854356927,1,0
-0.139275410099019,-1.21035544033261,0,0
0.797221776138443,0.983128812303566,1,0
-0.571061497551393,-0.44543481550074,1,0
0.284835283496976,1.14597688084521,0,1
-0.472499010489244,-1.40927721964935,0,0
-1.1648844163833,-1.29759508648069,1,0
0.766344750782628,-0.427757551584839,1,1
2.63695501851067,1.87635100485091,0,1
1.50970200609239,-0.42077069478469,1,1
0.410453135664744,0.449859604413613,1,0
-0.689655464007949,0.0576881713378438,1,0
-1.01463727523099,-0.328387353810485,0,1
-0.200231765834544,0.409921882545411,0,0
-1.12709158464599,-0.358814594038256,0,1
-2.02098924249921,0.734642656011258,0,1
0.238645979676873,0.517820546122912,0,1
-0.0933380040978437,-1.38090606968677,0,0
0.351073527759087,1.66533147405527,1,0
-1.04913332056482,1.06049921393317,0,1
-1.85668863606146,0.291750888387694,0,1
-1.24298084609548,-0.217812597082967,0,1
-0.886145144781597,0.377311947978998,0,1
0.422831798726408,-0.125769977236106,1,0
-0.420342226891017,-0.468557508877084,1,0
1.48009409594696,0.666724834842487,0,1
1.12817972552034,0.013294275145342,1,1
0.382239914046104,0.896073324612334,1,0
-1.08696061725222,0.817820100132352,0,1
0.675382163378655,-0.332857766931438,1,1
-0.470317630637168,0.446274364156452,0,0
0.993871219630292,-1.61040949498125,0,0
-0.0410377190945564,-0.0750711212516064,0,0
-0.356241105827808,-0.115407501124781,1,0
0.238334694156882,0.738077482520264,0,0
-0.643227980969455,0.538785325150586,1,0
-0.729487357470259,-0.823478192196854,0,0
1.02491684528544,-0.461651472871578,1,1
-0.794136945747141,-1.98668920222076,0,0
0.171482597475282,-0.54345492353671,0,0
-0.687380895965616,-1.63227522820313,1,0
2.16711710120136,-1.04792401241089,0,0
0.56957284782538,1.97002214227768,1,0
-1.87777447402016,-0.104459118351994,0,1
0.424685192331829,0.460746656477629,1,0
0.977851000307266,0.143581526483482,1,0
0.90904104799933,2.1825779167716,1,1
1.2343367122289,0.981460180569384,1,1
-0.818545122978638,1.61440277804829,0,0
0.233611492692775,-1.20752122665342,0,0
-1.15791131500997,-0.79366963440062,0,1
1.0847980432422,1.38999124964839,0,0
0.27948858872214,-0.673298333550811,1,0
-0.758263252536494,0.6732322777181,1,0
0.134081981035868,-0.523969533782649,1,0
0.983084835532078,-1.03805959656915,1,1
2.61901854435188,-0.747289545293882,1,0
-0.323900488714931,0.799732656599617,1,0
0.177957209379943,-0.985738024715388,0,0
0.108068935730623,-0.238212171136048,0,0
0.0415269512259128,0.86364632214332,0,0
0.989629370462799,-0.44101917045824,1,0
-0.246845644149616,-0.227573731363273,0,1
1.65230574361947,-0.361508877230789,1,1
0.773526959119535,0.0571443463104322,1,0
1.8533980477961,1.72574914086982,1,1
-0.0575785051417894,-0.14210842897098,1,0
-0.281649035301873,0.407112396158051,0,0
0.875897284930586,-0.0825965248059995,0,0
-0.510696364256799,-0.429538106266368,0,1
-1.86131578131055,-1.15392123009868,0,0
0.278001644478525,-1.18092423893464,0,0
-0.453528171248228,1.13892165069821,1,0
-0.396431899227983,-0.92469726402703,1,0
0.153779015339437,0.294734543892951,0,0
-1.59304694372376,0.128652224591277,0,1
-0.132931804459279,-0.787900699668825,1,0
1.80781778135953,1.00275713485976,1,1
1.50674282421361,-0.322617689632779,0,0
1.22245415966969,-1.12029895408251,1,1
-1.17387279578987,1.73217260487629,0,0
-0.310169912228491,-1.56366814716666,0,0
0.175457592658025,-0.825219239007731,0,1
-0.426945423644245,-0.255448793566204,0,1
-1.37114435722497,0.0701339095859451,1,0
0.375793688410732,0.160201557566083,0,1
-0.574150391166938,-0.768840825992284,1,0
-0.361326962012125,0.712011180253687,0,0
0.964093621331695,-0.685023709751708,0,0
1.7243183971502,0.313238325161877,1,1
-0.2123908249731,0.71806754348923,1,0
1.20871485775663,-1.20092949679224,1,1
-2.01380451330408,-0.202369766584986,0,0
-0.522638307136355,1.21043286361284,1,0
-0.28641374595862,0.0372856259759326,0,0
-0.0622266246414883,-1.16581199579491,0,0
-0.539206780984175,0.811114783465651,1,0
-0.216199220718976,0.479458519440557,0,0
-0.335956668389582,-0.185824968870986,0,1
1.02896188826107,0.421767625566745,1,0
0.368542332288849,2.50693868016051,0,0
-0.851902841652202,0.478941813802067,0,0
-1.14690624676042,-0.399081253875149,0,0
-1.92920944148323,0.00674510786492766,0,1
0.636348689326204,0.425394544268413,0,1
0.989205677090166,-1.744501356524,1,0
1.57038595568174,1.46844046748341,1,1
-2.69867028183911,-0.924635015720675,1,0
1.91653405329374,3.32082157914641,0,0
1.45766952643568,-0.333381005108956,0,1
-0.223916972229072,0.280431124501659,1,1
0.0536777038333845,0.848660040048339,1,1
-0.863420647839294,1.21067484021469,0,0
0.621445470734227,0.300359414981374,1,0
0.0306155887117457,-0.0153984358406619,0,1
-1.23796937584331,1.17713285905675,0,0
0.812821726422624,-0.135786601377234,1,0
0.165955878371162,0.152711948818616,1,0
-1.47822748197937,-0.185373038413014,0,1
-0.0617106691532479,-0.909757296399059,0,0
1.14471460921009,-0.689990174394448,0,0
0.689382492348902,-0.306193171931374,0,0
0.567600071162145,0.905785749333016,0,0
-1.07003075444364,-0.613927423713098,1,0
0.147258654374015,-0.867068017182639,1,0
-2.2336877685111,0.632257176150996,1,0
1.0336712122965,-1.02074833550771,0,1
0.773246976064331,2.53089911424055,1,1
-1.69770012173027,-1.21062555607079,0,1
0.752951323760493,-0.222661660635121,1,1
0.338454128895101,-0.930876763972114,0,1
0.0440255369090836,2.21673379552141,1,1
-0.40967436302768,-0.386871054970671,0,0
0.975758838820871,0.647894538546305,0,0
0.011901398335525,0.656840428944567,0,0
0.0223774691315599,1.32193333872438,0,0
1.37811350249797,-0.584576329821175,0,0
0.331925239083488,-1.26111100371087,0,0
-1.09778624040889,1.00699136513025,0,0
-2.19947245606901,-1.10713960151439,1,0
-0.147232611115246,0.540413691084948,0,0
-0.679165832372838,1.95750556926642,1,0
0.0552534551478468,-0.0716774300737971,0,0
1.061132583788,0.20707703931952,0,0
-0.617411585111198,1.80369327721664,0,0
0.407509914873363,-0.0971508501181634,0,0
1.22773174775839,-0.38478384959645,0,1
0.40384884415656,-0.106935999116135,1,0
1.40374323525816,-0.627032930232071,0,0
1.10103634888164,0.744471942995868,1,1
-1.20220353500041,-0.305429388936013,0,1
-0.690452770504542,0.843326380530715,1,0
-0.192307631441991,-0.121390509375844,0,1
-0.650511285477902,-1.2200599394828,1,1
-1.68828614031071,-0.486111198176684,1,0
0.326862515108674,0.74584764890208,1,0
0.690708404244113,-0.83484941961265,0,1
0.533308499995387,-0.016037609177973,0,1
1.43229371441705,-0.789977574059706,0,0
-0.925325638957289,0.102513788345779,0,1
-0.498140669014125,-0.143022943630697,0,0
0.345597590315422,0.758955129201155,1,0
-0.900814823975213,-1.12689682529872,0,0
-0.00167075724866289,-0.312071373502538,1,0
1.21487193347924,0.132446916509705,1,1
0.0842639977204253,-1.68608160931553,0,1
1.23420918157682,-1.63850276245216,1,0
1.80956480722016,-0.440009505377072,0,0
0.918036260891272,0.731161034402777,0,1
-0.824942276683604,0.44055054047753,0,0
0.113091079296635,-0.0952737206831804,1,0
1.0272469533483,1.31143082837093,0,1
1.09319564680206,1.75294308933716,1,1
0.539588926038903,1.04737508994754,1,0
1.31444435948793,-0.622883563473076,0,0
0.41594548637807,0.306421857812957,0,0
-0.412109033685684,-1.46845424930045,1,1
-0.290925578103498,0.974233763343882,0,1
-0.160957167384531,-0.371154340361351,1,0
-1.35807318862311,0.438703878957758,1,1
1.01564034037765,1.88963563286317,0,1
2.32327981855819,1.48564668359445,1,0
-0.763297259754819,-1.54617741401018,0,0
-0.532287293354331,0.0864899551161546,1,0
0.811195476296032,-0.781917136668222,1,1
-0.801067844951229,0.353993903922892,0,0
0.283813461630014,-0.889463310285155,0,0
-0.254173209596494,-1.14519271565956,1,0
0.889179557124279,-0.221587386564083,1,1
0.570832131605575,1.09474803727601,0,0
-1.58889725086175,-2.26740307486079,0,1
1.23399917643276,0.0544317409492905,0,0
1.18761341016538,-1.20526362010469,1,0
1.15423998441541,1.02763288099325,0,0
0.204041450958957,1.58990540415731,1,0
0.390153536353439,-2.06231490570118,0,0
1.06815225570815,1.44143031737152,1,0
0.400602559857039,-1.21691008990853,1,0
-2.1984927411239,-1.20351365292617,1,0
0.873148866572341,0.31980834992493,1,1
1.20961135715472,-0.206686028076396,0,0
-1.29899402715195,-3.14362431145753,0,0
0.646341814799351,-2.61626917800869,1,1
-0.478309361233018,0.274259347154077,0,0
-0.426703518099797,-1.67316521616717,1,1
0.443225710161296,0.525608225177723,1,1
-0.303251328570455,0.630592683146229,0,0
-0.45682427168899,-0.00582775640201573,1,0
0.893196010792833,0.22505533823737,0,1
-0.136140870102123,-0.713270240094306,0,0
0.608764000662771,-0.465381332881498,1,0
-0.382022562995993,-0.0644837894591951,1,0
-1.5635239619513,0.894182339369577,0,1
-0.118615805083284,-0.311867014249613,1,0
0.275537580099556,0.000728595571147998,0,0
0.6285959122013,-1.41854549478319,1,1
1.57192753132328,1.51920255819183,1,0
-0.594274103889361,0.582708967055815,1,0
0.292486244720937,-0.431366715059313,1,0
1.12869630829778,1.02204764765784,1,1
-0.89085389685647,-0.116170159932812,0,1
-0.316602137615191,0.284237521862907,0,1
2.13104791204786,2.32828557746484,1,1
-0.770459774994107,-0.101983211514697,0,0
-0.97633290403878,1.53467209275675,1,1
-0.462565244701639,0.207413363362009,1,0
0.437287676296288,0.300031267558863,0,1
0.819184888914364,0.807855731426893,0,1
-0.465524649858035,-2.12529179770184,0,0
-0.997076769826674,-0.518650192289284,0,0
0.49117959184449,0.636461287563372,0,0
0.449297458502794,2.12638119991926,0,0
-0.426508526865013,0.851445676064242,1,1
-0.231041069674172,-0.665213643841429,1,0
2.67033237589113,0.248012878658367,1,1
-0.00824598435435527,1.49367361033979,0,1
-1.22991632236101,-1.71413333274073,0,1
-0.599698693804344,0.422979034916696,1,0
-0.401929428887542,-0.407509469899327,0,1
1.02568650416941,-0.15355222721056,0,0
-1.64191923219047,-1.67028524611227,0,1
-0.191881516206532,0.628760024609372,0,0
-0.625447113272656,0.451612433590517,0,0
0.565711398907753,0.891770943478748,0,0
-1.24778738506842,1.00405341922042,0,1
-1.04249883196076,-0.366957882055157,0,1
-0.896871185111021,0.402238428835419,0,1
0.338281452977331,-0.606904998293362,1,0
-0.370512080154922,-1.35102401453133,1,0
-1.59563671900563,1.11470061989495,1,1
1.07201779218491,-2.04243629299187,0,0
-0.472995103525765,1.52325708633033,1,0
-0.434984268095763,-0.118987508160876,1,0
-0.487276920524082,0.311119488452022,1,0
1.11003774265512,1.04782901326595,1,1
1.48082029336156,0.662974533300255,1,1
-0.365299180048866,-0.202749972240293,1,1
0.345068298860324,-0.190506291550243,0,0
0.857887344479114,-0.244325668646462,1,1
-1.27280030890406,-0.254022756644172,1,1
0.680392291560205,-1.01030359834356,1,0
0.816285112686554,1.65957440135415,1,0
-0.339291489787802,-0.0623591904124109,0,0
1.29808964944844,-0.16455199805869,0,0
-0.224853335702885,-1.15578258231258,0,1
0.92821798733538,-0.868493504138859,1,0
0.78299484211955,-0.312638615267606,1,0
0.468307575478251,0.283936455908282,0,1
0.381496824466105,-1.08748549211886,0,0
-1.19537717803999,2.2337068579551,0,1
1.07940097849101,-0.33420363697554,1,0
0.78139866178273,0.775320478523461,1,0
-1.69181700442867,-1.30875130371637,0,1
-1.40733957198759,1.34299067607443,1,0
0.00232095287083135,0.611876075935544,1,0
-0.50668139457862,-1.64459923568574,1,1
-1.86573208983669,-0.215498801104858,1,0
0.812168675849161,-0.0546725076327298,1,0
-0.43100188538891,-0.412689569418571,0,0
0.0160355330887032,0.953601167012639,1,0
0.878899634216238,-0.86078023600826,0,1
-0.765903102336125,0.895414153881749,0,1
0.844637146720936,1.05940098770472,1,0
1.12409681857101,0.160805849888002,0,1
1.16543373080892,-1.38196708973243,1,1
1.96448705225828,0.37719766368284,0,0
-0.306488579628196,-0.830133746828079,0,1
0.28187902677203,-1.32866600257395,0,0
0.639231442482513,-0.839013331401653,0,0
1.6577150553824,-0.0151587774432464,1,1
-1.47277450598604,1.28477651051648,1,0
0.358057746669304,-0.683290155913695,1,0
-1.05596348681398,0.865979741716295,1,1
1.417820844809,0.820472895530372,1,1
0.0418288214236122,-1.25606377240366,0,0
-1.45796457323105,0.434328781482365,0,0
-1.31990134976983,1.14771516981973,1,0
-1.22427601372288,-0.29983299948139,0,1
-1.31973812997117,1.54174606991606,0,1
2.28903917314831,-1.13525216313346,0,0
1.2672639732891,1.4539610031582,0,0
0.33768725203573,-0.23054985006696,1,0
0.173733808298366,-0.728066572553334,1,1
0.652904908790201,-1.25633703464209,0,0
0.959715544395205,-0.415456593415652,0,0
0.25638393743793,0.0250830628595801,0,0
2.37788311138377,1.26788219343735,1,1
-0.154443154519368,2.69870651078928,1,1
0.190032486189709,-1.12579207302119,1,0
-0.533395129393003,0.226673549362945,0,0
-0.829657721089643,0.850846828034316,1,1
1.52277692104087,0.0883605624857759,1,1
0.660058600034055,-0.815833020849439,1,0
0.179604589436968,0.158879496667164,0,0
0.170175408055135,0.084882859840148,1,0
-0.392287343313585,-1.07580085625426,0,0
-1.45136404178681,-0.544204797652398,1,1
2.04785526007193,0.938765418666987,1,1
-0.250853371420355,0.785718434874142,0,0
0.0688873792982843,-0.387506585747343,0,1
0.737979272802929,0.364086126697911,1,0
0.473456839575911,0.78771858263923,1,0
-0.568141017939256,0.0631408429359915,1,1
-1.69778862081378,1.43201984879687,0,1
-0.314097337678036,-0.531978793369733,0,1
1.01387826669068,2.30147282472303,1,1
-0.520737713161786,0.527316229877381,0,0
0.0335821940864442,0.475631782290446,1,0
0.114673637807864,0.459594449930164,0,0
0.202561264375726,-0.320120819113198,1,0
0.462787778552683,0.0427179122843049,1,0
0.592026101531792,-0.358289967550601,1,0
-0.281906810084596,1.52319782155981,1,0
1.41262202413151,-0.642705993576227,0,1
0.48704691425572,0.0986514591029402,1,1
-0.275886030743316,1.80022287519786,1,0
1.06160195055162,-2.1045737598465,0,1
-1.27193618674576,0.270029146112677,0,1
0.566757290883977,1.19938549690072,0,0
-0.222238875723292,0.653157454415869,0,0
0.993221125034687,-0.836992892896159,0,0
0.570355637351821,-0.392204448900981,1,0
-0.157583054541541,0.22573854822717,0,0
0.349641294161685,-0.887610931528193,1,0
0.168002256846069,-0.610685168841173,1,0
0.386956234764601,-0.754671733143147,0,0
1.67459567030029,1.30627073948492,1,1
0.822005214056506,0.882841159741837,0,0
-0.557678821928226,0.747863459386796,0,1
-0.819629486608521,0.236282821803354,1,0
-0.208930059509682,0.0365598225262062,1,0
0.682758206084475,0.550135193719678,0,0
0.722317726967607,3.20900816623469,0,0
1.22840738155479,1.01505382785727,0,1
-1.54161877633232,0.0214273488580147,1,0
-0.53904585076001,-0.141814795249155,0,0
1.57762654601042,-0.187469967024179,1,1
0.116883486120471,-0.529729976548777,0,0
0.724151410422193,0.131052233382325,1,0
-0.665000597616382,0.782543555305757,1,0
0.5080506051316,-0.279371663180898,1,0
0.0319490780071077,1.06325336559953,0,0
0.307893954317825,0.795435232291525,0,1
-0.602337806851559,1.26842496786974,1,0
-0.0637196972037672,-0.788257892387064,0,0
-0.457625292657427,-0.264315890105292,1,0
-0.502775338443356,-0.905669187172515,0,0
0.894150233270888,0.77778338121644,0,1
0.662724960237192,-0.341833813988386,1,1
-0.634812961203224,0.626948148353751,1,1
1.98137355347076,-0.0822038290845242,0,0
1.22036012192052,-0.585890049158694,1,1
0.492239019915495,-0.417513933870705,0,0
-0.57497241098916,-0.320268038404884,1,0
0.146599720079521,1.06833062585636,0,1
0.25566582991682,-0.600577550378206,1,0
0.59872836901151,-1.21439969946286,0,1
-0.710720816835531,0.310104446978896,1,0
0.0289958885109278,0.482374861075661,0,0
0.946551501569835,-0.0473438599806023,0,0
1.22754426762516,-1.41728259566472,1,1
-0.203362053905297,-0.338029584079125,1,0
0.81415753845817,1.45388251821867,1,0
0.00729136168323548,0.400267201047911,0,0
0.985497849076177,-1.12337192595326,0,0
-0.462314928698372,-0.15848050847241,1,1
0.809669553421484,-0.625551588005641,0,0
-0.716516202787984,-0.480518490082327,1,0
-0.474819794488586,-0.7040789904441,0,1
-0.981988454461534,0.0194054330306704,0,0
-1.55221357179173,-0.726480638188461,1,0
1.56835683119491,0.565299338711892,0,1
1.31267263542036,-0.48314195190119,0,0
2.36915540590025,-0.64178432649933,0,0
1.06938631195289,1.28536692858219,1,1
-1.03682052748134,-0.296410078573512,1,0
-0.574598007889624,-0.197648358982772,0,0
0.94303720760376,-1.46232297408002,1,0
0.54375567079553,-0.201797688313886,0,0
-0.219908177876873,0.905410984565909,1,1
-0.0365983083533892,-0.460825141631963,1,0
1.22630468228589,-1.78501565929919,0,0
-0.308369037670815,-1.25909893855844,0,0
-0.28618599993542,-0.754917185785032,1,0
2.05408348690342,-1.09094174143251,1,0
-2.51405586038606,0.61096841119826,1,0
-1.37912433446678,-0.577586760145596,1,0
1.02984509030553,0.0100353119744601,1,1
2.93836813346871,0.510194680567388,0,0
-1.97489220960192,-0.467768554543044,1,0
-0.422078900029386,0.826318393434087,1,0
0.463478708360734,-1.49321870479413,0,0
0.166490349517051,1.63021866490388,0,0
0.385724133380817,-0.895978634230786,1,0
-1.57972839892546,-0.320480385388102,1,0
-1.20465377371423,-1.94087128789154,1,1
-1.96597935127356,-1.15505008836932,1,1
-0.894801823113651,0.375718369346809,0,1
1.53534361479907,0.734801013172349,0,0
-0.23095975954316,-0.923544894305288,1,0
0.407376139283074,-0.997997722713,1,0
-0.181712087912395,1.20293504838484,0,0
0.918326678824079,0.781471581602404,1,1
0.563193708038393,-0.851342845928358,1,0
-1.45395931895655,1.31051313109354,1,0
1.10909579012751,-2.00554690910009,1,1
-0.347731437768197,-0.32277266292426,1,0
0.455857524279973,1.18200773660986,0,1
0.941857657310667,-0.250157483830962,0,0
0.18941516244967,-1.79424885122723,0,0
0.990736017300236,-0.373865030065972,0,0
0.86248592416309,0.334531892740019,0,0
-0.712631797084798,-1.09459079672238,0,0
-0.115391231947971,0.934147013290305,1,0
0.992281381457594,-0.069328923306864,1,0
0.314686349293192,0.713212025779313,1,0
-2.27896834553558,0.28986075156041,0,1
1.31642115731913,-0.381675326581959,1,0
-0.115126121150475,-0.772939791377113,1,0
-0.847120254723512,0.328092719604739,0,0
-0.468580708223914,-1.15836225774637,0,0
-1.00269294100797,-0.18196487011672,0,1
-0.188265366201111,-0.264998680664195,0,0
1.14475420236735,-0.632094029230245,0,0
0.552249268063118,1.18812362447642,1,0
1.13828883216967,-0.876556392810153,0,1
1.63440040491507,1.48197273746695,0,0
-1.05491575569026,0.553162064058963,0,1
-0.347922853227025,0.234572466679939,1,0
-0.401582339417397,-0.051428171316918,0,0
0.77958895741212,-0.753224732225373,1,0
-0.179592386521707,-0.137762597709928,0,0
-1.30375703918191,-0.943094047389073,1,1
-0.352704560986177,-1.12408175929912,0,0
-1.11114249256098,0.97887288238554,0,1
0.0882771134587797,0.347464934591945,0,0
2.27391533604084,-0.285262158123493,1,1
0.487293823230645,-0.40558422486111,1,1
0.84307749084565,-0.201377042950908,0,1
1.44382868087342,-1.25115588670612,1,1
0.314757701476872,-1.59004508809946,0,0
0.57831694444576,0.725029509008822,0,0
1.05153131345135,0.280845966360368,0,1
-0.490668405281289,2.23793050713245,1,0
-0.630799681694752,0.298871772410054,1,0
-1.96358097921576,-0.320275859267208,0,1
0.126147951677723,1.09609771498234,0,1
-2.03600313912179,0.751249568746109,0,1
-0.687921712578195,0.0973053620361756,0,0
0.620879177748761,-0.399763084387969,0,0
-0.847778942950505,0.504367902009015,0,0
-0.231908283462343,-0.795168444736365,0,1
1.75434888657062,-0.819731674511956,1,1
1.01932338360385,-0.702593641061036,0,1
0.283443788260728,1.28159013650747,1,0
-0.00954658128132636,-1.46929324378455,1,0
-0.844340426290879,-1.86489837087799,1,0
-0.0350118888254329,0.0416743752224962,1,0
-0.223734853855624,-0.89821408817403,0,0
0.221216240200962,0.116641268849077,1,0
-1.40453265259463,-0.831396531133135,0,1
1.49875539071077,0.468022696790119,0,0
0.276572215497542,-0.808639040299477,0,0
-0.492751567449708,0.748533752326983,0,0
1.06073853402192,0.748683023815363,1,1
0.125349239033108,0.669864146804638,1,0
-1.12280056613308,2.27343357098882,0,1
-1.78972875209275,-0.313389251833271,0,1
-0.751753144661105,-0.895481241126404,0,0
-0.0656330820413158,0.693602069494759,0,0
-0.0809748641342827,2.29444075375169,1,0
-0.187273390245754,-0.739802657284737,0,0
2.30856359315554,1.5213529129191,1,1
-0.608541480796495,-0.485469178042136,0,0
-1.48246018763916,0.300276909092408,1,0
0.726494390531021,1.35759918224416,0,0
0.799665255398704,-0.191832591095237,0,0
1.96305870211698,-0.725332515857274,1,1
-1.10896401315075,-0.617277801660705,1,0
-0.661511111534502,1.52399201507185,0,0
0.143288297823276,-2.41494402810871,0,0
0.440147039752944,-2.6305471033751,0,0
0.178747695412397,-0.886558529024107,1,0
0.117931481085029,-0.0119170566238328,0,1
-0.67123440619404,0.368717946014836,1,0
1.03023340526603,-0.64906884320827,1,1
-1.398362621204,-0.215494906325139,0,1
-0.706558005647848,-1.28564347644063,0,0
1.08000352403856,0.0350996735757906,0,0
0.78277237146727,-0.119998499364908,1,0
0.163981692070154,-1.15502087467864,0,0
-0.601695091580049,1.28216543223301,1,1
-1.15697684237099,-0.682576802643615,1,1
-1.32756897059219,-0.374343878443945,1,0
0.0510190989823755,-0.698764364599696,0,0
0.880323109745725,0.213301283354795,1,1
-1.73892499520346,-0.655595939808662,0,0
0.267938328176875,-1.96824812831945,1,0
1.49145921203005,0.385286224562711,1,1
1.15237101574078,0.357692406087764,0,0
1.02702900148554,0.24863917914511,0,0
2.78004685241692,0.396563107766434,0,1
0.172768409947092,-0.886714881747201,0,0
0.363971855241165,-0.0709724785129452,1,0
0.408853970172514,-0.372414964058975,0,0
0.625539363229002,0.444627041910596,0,0
0.45384138588306,-0.680674278515253,1,0
0.253275030262289,-0.507963210329891,0,1
0.752091604146389,1.09140802140436,0,0
-0.0198525438265871,-0.824534728173621,0,0
-1.63991393790923,-0.464018680963587,0,1
-0.437533595596481,0.883712618502485,0,0
0.137437933487686,-1.89918408434414,0,0
0.647308822791664,0.523125132648322,0,0
1.40069900980113,1.90454679112078,1,1
0.798224467195388,-0.281381667259375,1,0
-1.13816309145728,0.886930597884601,1,0
-0.499015032191846,-0.37089586933243,0,0
-1.55034765847135,-0.0145236624587869,1,0
-0.483889407602306,0.425497178103924,0,0
-1.21496804946206,0.375076155873566,1,1
-0.76651094732481,-0.671361261244239,0,0
-1.10826850604582,0.528610573341133,1,0
1.98146587716965,-1.16860067379771,1,1
-0.640941673491786,-0.425402146058035,0,0
-0.0250188022658866,1.06083531384963,0,0
-0.156532056977199,-0.853889912202882,1,0
1.24726770129468,1.93842492070556,0,0
-0.0623514359160244,0.650649031844715,0,1
-0.775636108523388,-0.484860859709956,0,0
0.87459945054803,-0.081129082519097,1,0
0.441010136722006,-0.0183171778117498,1,0
-0.860543950370966,-0.383690934506716,1,1
0.131222879928032,0.00527411711971466,0,0
1.09215977888802,0.0151520344129501,1,1
0.529138242993243,-0.605683525736815,0,0
0.709522762059109,-1.21295805340007,1,0
-0.416085763279111,-1.23758938611751,1,0
0.346812322622729,-0.56350219321434,0,0
-0.995843342606759,-0.78316553348475,0,0
-0.217727446447826,1.02659876352499,1,1
-0.239555461729229,-0.309146159970089,0,0
0.158424193977849,1.97790418587115,0,0
0.0846278968852158,0.887458138968788,0,0
-0.181405696065367,1.60655967708102,1,1
0.0561823989313874,-0.753242404520617,0,0
0.153492301227392,0.214095588726532,1,1
-0.104801001471166,-1.1704628663592,1,0
-0.618341541720598,-0.143422826520094,1,0
-1.23258225382425,-1.28092896997815,1,0
1.7493228548993,0.33159254879056,1,1
0.625316114096651,-2.14030694204934,0,0
-0.126229674688744,0.522234249572184,1,0
-1.0422921327571,-0.798344913220278,1,0
0.460396858703639,-0.090665302476111,0,1
0.374544702165641,-0.569361640987874,1,0
-0.431933346388502,1.45763126612416,1,1
0.592854676736655,-2.11083786486701,1,0
-0.851795200695535,-0.417706497614232,1,1
1.85002177420144,-1.43769695333241,0,0
-0.559374986123994,0.44421505634583,1,0
0.139000132113687,-0.784804775589767,0,1
1.23099174420574,0.501295297552166,1,1
-0.155293855540172,0.464366773080271,0,0
-0.626847552200802,-0.901526160476762,0,0
0.916865157775297,-0.21454885173567,1,0
-0.913921810248851,0.0665699218709064,1,0
0.921119912826951,-2.72833626576788,0,0
0.935005398809748,1.71698699177149,0,0
0.105383106173676,-1.31024630844259,1,0
-0.0673667646046343,0.211313437563287,1,0
0.0733901981104872,-0.571485230424382,1,0
1.8247359233638,-1.44261439020973,0,0
0.616862014229438,0.582335514402063,1,0
-0.508824388520432,0.310920387929204,0,0
0.212498504966321,0.397926616085707,0,0
1.41134845810743,0.00471673997987322,0,0
-0.967562151746318,-1.58139196852281,0,0
-0.516467402204423,-0.811449000162298,0,0
-0.873614490455732,-0.904667248678271,1,0
0.568066174376747,-0.796380822414633,1,0
-0.664339925103969,-0.705686651620198,0,0
-0.74404091165722,1.23072374309184,0,0
-0.478043008010204,0.725062164065763,1,0
0.620840272467533,1.43531851732185,1,1
1.68516490176086,-2.10694838246144,0,0
-0.131009966165989,-2.07274471137615,0,0
1.17107230674263,-1.69318672049116,0,0
-0.0280766797757513,0.128455859444116,0,0
-0.384390219031799,-1.27040173253939,0,1
0.0228146873482145,-0.66901691650317,0,0
-0.49786687309693,-0.543940441352211,0,0
0.307415620634523,0.786113292705915,0,0
-1.93409279755497,0.759589957684827,1,0
0.658966393659291,0.335162016271214,0,0
-2.71044975004118,-1.84852636795142,1,0
0.237905989740605,-1.04939612801717,0,0
0.303221868406467,-0.916216179017995,1,1
-0.104262796776928,-1.64946125566009,1,0
-0.645498074331786,0.19449642821754,0,1
1.65656325463849,-1.69443951159904,0,0
-1.21614889137552,0.92694797797003,1,1
1.59270214534585,1.63840719568185,0,1
-0.269154292006139,0.701324626967006,1,0
1.11394940696573,-0.0999957211113281,1,1
-0.445812559119416,1.7164127115591,1,0
-0.436350130129819,1.77191195012958,1,0
-0.258849572004741,-2.39474622711847,0,0
0.743332177419006,0.569766934570383,0,0
-0.197026259793607,0.0803526230869341,0,0
0.950795015672091,-1.19898245205818,1,1
0.959259501186807,1.41989394147289,1,0
-0.316285161001603,-1.09736349332129,1,0
0.449911480392913,-0.621332775108472,0,0
-0.160803743524605,0.628420506279577,0,0
-0.442847680705725,-0.618083604589661,0,1
-1.4750403879386,-0.279027647936238,1,0
1.08013926433936,0.669778068129134,0,0
-1.43305645274225,0.422425075034178,1,1
-0.0282044936588771,-1.99006050060091,1,0
0.505742505699008,-1.40486716091959,0,1
-0.218243094436522,0.071757215071108,0,0
-0.323309543174232,0.541695834701987,0,0
0.59345608467089,1.02863636905399,0,0
0.273781563145566,-0.0749701850606549,0,0
0.540309020156428,-1.45651325065762,1,0
-1.36772629504551,1.29854518414451,1,1
-1.08553846571833,1.92702514117735,0,1
1.19674603202283,0.125896299401519,1,0
0.304761983460083,0.141434648041962,0,0
-0.0829086848341484,0.211207902335534,0,0
-2.22243105228054,-0.019897428242947,0,1
-1.06309023709944,-0.38495497494138,1,1
1.52887574413382,-0.119594302413344,1,1
-0.573487967587603,0.840257080901576,0,0
0.748279555349541,-0.110292612353541,0,0
-0.188296053655797,-1.73239103680623,1,0
-0.930278868248404,1.88235745856341,1,1
-0.33645084268779,1.12033616847957,0,0
0.61404050551026,-0.635805703088418,0,1
1.28524527850338,-0.369436883770733,0,0
1.01262884312235,-0.63080998263823,1,0
-0.819679424207915,2.27270457974662,0,0
-0.751660961595564,0.0636999180673572,0,0
-0.958017302319796,0.533229339534406,0,0
-0.535573791284902,-0.209689787871177,1,0
-0.314518437657483,0.442401256502673,0,0
-1.00402517365462,1.73898273953725,1,0
-1.05775357385253,-0.247733804360331,0,1
0.152418549862826,-0.240512371546042,1,0
-0.331005696309443,-0.49112430627978,0,0
0.167053646736716,-1.18539908204881,1,0
-0.587342594913192,-0.0882650352107366,1,0
0.879259529983771,0.170086558937736,1,0
1.78204290430528,0.0380251709377242,1,1
-0.36394434277807,0.885748008864599,0,0
-0.927028791826526,-0.197758745662303,0,0
0.227209072712444,-0.369958115189281,1,0
-0.211743511581233,-0.241653803104945,1,0
-0.516395907957998,1.24264230961989,0,1
1.17748082866611,1.28125559130967,1,1
-0.137613275339783,1.42149148962535,0,0
1.03753475336298,0.253965223709382,1,0
-0.942038886820052,-0.0928321847231587,1,1
0.980850672978167,-0.357670280915932,1,0
-1.58075282141866,0.694053377803076,0,0
0.40182655120108,1.0423941035452,1,0
-0.574854102285318,-0.215038484592618,0,0
-1.97291549990027,0.353461852038008,0,1
-1.4285594898881,0.221192531810097,0,1
-0.330085366719797,1.26026406542486,0,0
-0.0636043441413427,-0.695679301282987,0,0
0.658391791965453,0.506786424698898,1,1
-2.07142782922829,1.13915636884106,1,0
1.2972895725335,1.80325827418294,0,1
0.171899248157131,-0.57420749775353,0,0
0.227015277148741,-0.455059847844714,1,0
-0.980833072244557,0.233524099047904,0,0
1.93867038132668,1.15409467089419,1,1
0.607929745904143,-0.0585443330228707,1,0
-0.729215144713308,-2.26159130393251,0,0
-0.611690095299377,0.187612179508449,1,0
-0.838801130990119,-0.848634859654204,0,0
0.162398772272158,1.14042768922395,1,0
0.619669319188232,-0.180972026616544,0,0
-0.138646570294272,0.774011282099303,0,0
-0.12985336256008,-0.0605255874897781,1,0
-1.79376109725461,-0.991979888775043,1,0
-0.613160570071051,-1.14063624754798,0,0
-2.44117545003795,0.0906096915660428,1,0
0.153654458274961,-1.1644000630811,1,0
-1.26123548907156,0.238913447940937,0,1
-0.539524631075639,0.012708000911,0,0
0.356281464361022,0.923393483507511,1,0
1.46184258831467,3.05580649957415,1,1
-1.06986776940995,-1.77938435367745,1,0
-0.331027768509107,-1.23976239199655,1,0
-1.12424145154113,1.88162607739345,0,1
0.464619249284804,-0.613141816157029,1,0
-0.955077421257603,-0.818300791764456,1,0
0.238446391330176,-1.40459322684642,0,0
1.8548247300038,-1.70648172020407,1,1
-2.48836397516114,1.65680088690531,0,1
-0.662825022742697,-1.46220793454763,0,0
0.537923079697588,-0.00512098324553667,1,0
-0.191444008339963,0.899771470857937,0,0
-0.0307060921921254,-1.05605710107589,1,0
-1.84156067780964,1.3520799742695,1,0
-0.694418323263933,0.269393611258037,0,0
0.84102154363694,-0.781797317126101,0,0
-1.26362839551823,-0.461073042372834,1,0
2.05615601917428,-0.771712318933708,1,1
0.0681527326004084,-2.59908103635327,0,0
-1.07701552948526,-0.803447806916647,1,0
-0.14537329050239,-0.667064641044538,0,0
0.608050592310892,-1.06399931498893,1,0
-1.70030287112722,1.05487946938869,1,0
-1.19234810125787,-1.73467089186268,1,0
0.388434259183833,0.51447835085877,1,0
0.931461910697071,-0.652295270136591,1,0
1.44176422633741,-0.0825710309918236,1,1
-1.79444299197131,-0.844146836108622,0,1
0.150699399004457,0.486904999346104,1,0
-1.09382375387756,1.27993163739122,0,1
-1.48115054852989,-0.152497559262385,1,0
0.350966197560303,-0.85251511666802,0,0
-0.0736595956414529,1.36280901578112,0,0
0.0377007510442346,1.1355219617634,1,1
-0.0935303941478293,0.536354772442169,1,0
-1.23346521676892,0.656566872823787,1,0
1.72044488095873,-0.859854175981017,1,0
1.09479430176013,-0.0564524763077733,0,0
-1.18421865057354,1.2211847788438,0,0
2.16360708020936,0.947886615030004,0,0
-1.55171408460159,1.17200450775795,0,0
0.208888953834929,0.350488361450802,0,0
0.827937909750652,0.192969435581114,0,0
0.574136734117674,0.724372443924925,0,0
-0.666042025501173,-0.0115566258557323,0,0
-0.438994852962932,-0.530543301394186,0,0
1.42623725614973,-0.939134239449942,1,0
0.39897961581722,0.82863778107496,1,0
0.3873549531757,0.136492566577611,0,0
-0.238971211950435,-0.914334878278587,1,0
0.435857068590607,-0.0755844923734154,1,0
-1.51744555493646,0.212176762432143,1,0
0.765758075321666,0.92178495836177,0,0
0.807712737267229,0.802138141255505,0,0
0.45804444982201,-1.01049384007172,1,0
-1.76560789405948,-0.921995835477934,0,1
-1.29610845108403,0.814732310514797,0,1
-0.528644278290451,1.37920559550109,1,0
-0.124878281611924,0.733720665171605,1,0
-1.19061608523712,-0.224999434679657,0,1
-0.851239434127945,-0.385834342691535,1,0
0.150723705632554,-1.37511642268651,1,1
-0.116597426331573,0.631209693491767,1,0
-0.389740505599791,-0.199425359358063,0,0
0.551309496190666,0.422812899513261,0,0
0.120507683536042,-0.1124151517964,0,1
1.0333387074331,0.88038195190917,0,0
-0.719394994176212,-0.232823828973213,0,0
-0.0185791724903534,1.0543824399956,1,0
-0.796911517265498,-0.708175360111228,0,0
0.630099641694005,1.28539597003285,0,0
-0.221433073118224,2.05787274931316,0,0
0.303319405837257,0.0232856427803168,1,0
0.00118664646284399,0.237767736660714,1,0
-0.516695384661723,1.77039131666826,0,1
-0.354076607792096,0.207326226343253,1,0
-0.428337504355874,-0.924771111354162,1,0
1.43014674450384,-0.148316507130354,0,0
-1.03670728384426,-0.740695578420076,0,1
-1.51831205618274,0.00639670962907868,0,1
-0.763238073042123,0.723761687401366,0,0
1.05565854767512,-0.257571262157486,0,0
-1.48100917548279,0.141716444875649,0,1
0.875553406738165,-0.300251470575123,1,0
-0.29248570685529,0.362038314189031,0,0
1.78666021170368,0.351361871106792,0,1
1.20874230920572,-0.225556482758248,1,1
0.382602760613049,0.640632546274844,1,0
-1.24379893780148,-0.189400917059419,0,1
0.246620248577609,0.0500119815383743,0,0
0.433909175838774,1.51669859737589,0,0
0.493422254421158,0.455633310823246,0,1
-1.31959952870871,0.590424617116157,1,0
0.13370895371517,0.591907755327799,1,0
0.116157681696028,0.170998293321848,0,0
-1.50589990611333,-0.444199495339913,0,0
2.15258264223992,0.0258768474634294,1,1
0.586110877939723,1.89631505035557,0,0
3.02895820263054,-0.600026106257786,1,1
-0.329684997801699,0.227154699415073,0,0
-0.0277456054275967,-0.961676044683317,0,0
1.49132634292896,-0.695724925869573,0,0
0.359535190561607,-0.451272944971444,1,0
0.355776841947914,0.272923943699401,1,0
-0.024926688711895,-0.617658754220163,1,0
0.648377701186118,-0.60196025102604,1,0
-0.0746333274652502,-0.48116598980025,1,1
0.591827849532861,-0.99627080444334,0,1
-0.506090238096587,1.49372850110826,1,0
-0.6318258326633,-0.14195918245372,1,0
-0.662671141040392,1.97714056386318,0,0
-1.24356821962183,0.525618977119082,0,1
0.713199242692272,0.44007003612022,1,0
2.60545940313154,-0.505825008955606,1,1
-2.02130187716515,0.0202989151595631,1,1
-0.308855503355119,-0.697233499504263,1,0
-0.434861336044384,-1.2665249230685,1,0
-0.0635547372956547,1.64923270771858,1,0
0.0274248273442209,-0.962834428595485,0,0
0.530290957515508,0.31461166847924,1,0
0.931164656433311,-0.745287501917008,0,0
0.393978189100507,1.38811131116781,1,0
0.328608327949433,-0.379356552444392,1,0
1.74430070134021,-0.827197019703568,0,1
0.211266530897377,-0.199598918817341,1,0
