X1,X2,X3,X4,X5,T,Y
-0.545880758366027,0.823265604763635,-2.23633667491887,-0.206155269681172,0.773555177525862,1,1
0.536585304107612,-1.28488310790089,-0.562734490698346,0.226046695362558,-0.664432953678889,0,0
0.419623148618683,0.406437616498805,1.20615735341949,-0.314748344263291,1.37283739279083,0,0
-0.583627199210279,-1.09817226563518,-1.30491984642227,0.265956768325134,1.55330432748641,0,0
0.847460017311944,0.288377905056418,-1.35705637077296,-1.22186683609152,-2.28011840242767,1,0
0.266021979364892,0.584664146319251,-1.0561073962168,-0.167639165921133,0.144512383864479,1,0
0.444585270360416,-0.575168450354797,-0.253552157132932,0.0526570808685487,1.19800540147283,0,0
-0.466495123565759,1.13019812626962,-0.414448079600923,0.311431698190579,-0.34180323207419,0,0
-0.848370043948898,0.420929328592426,-0.223085811436056,-0.086397713853151,-0.999413047848768,1,0
0.00231194241576697,0.562187557042308,-1.21641506435136,0.406111290012553,0.0190189121885639,0,0
-1.31690812429962,-1.49540601957371,-0.461332778914035,-0.21622268940114,0.00451542075238155,0,0
0.598269112694685,-0.474561232631705,-1.34076081764677,-0.480826291289574,-2.0486000243731,1,0
-0.7622143703459,-1.21797914001052,0.944973503037754,-0.383903659590287,2.83191924312665,0,0
-1.42909030324076,0.486165369688565,-0.0612105714461359,-1.42895970697292,-0.563986180478065,0,0
0.332244449013422,0.616781918767402,-1.15951255837242,-0.0693974821497544,1.25474044119403,0,1
-0.469060687608488,-0.830945537488539,0.0168679389052703,1.24074839069123,0.810116917863402,1,1
-0.334986793584065,-0.679274351794501,-0.787424770165612,-1.41304604157533,-1.34481001807276,0,1
1.53625215550584,0.627758140116986,-1.52605825234102,0.537605662217553,-0.980020481879555,1,0
0.609994533253692,-0.138367443741981,1.8944573322921,-0.05059723770297,-0.600099794934658,0,1
0.51633569843567,-0.494127309364785,-1.12030531035913,-0.305694494786609,-0.225810701036443,1,1
-0.0743085613231125,0.465504336386864,0.0262272320445095,1.95318097050445,-0.260982617480328,0,1
-0.605156946376192,1.25180486958615,-0.991163432871479,0.685472223520564,-1.69062215022559,1,1
-1.70964518489892,-0.874511036967733,0.838311971352651,-0.349239097851436,1.03983979894965,0,0
-0.268693105381165,1.26119512049173,-0.51289443389031,1.0075211276079,-1.28921133756478,0,0
-0.648591506755315,-0.203214292281468,1.36654777414598,0.364852022095141,0.837228846567662,0,0
-0.0941101267947829,0.104008769273946,-0.284118405945578,-0.787882936581769,0.381844974110643,0,0
-0.0855409510752472,-0.0145163066668611,-2.05909220131073,1.70824346609579,0.623500163976558,0,0
0.11953107089329,-0.214036413017093,1.5735800716763,0.764820962514063,-0.686684229659527,1,1
-0.116296392668682,-0.971605196593263,0.538870871805141,0.262100086996836,0.301676985179078,0,1
-0.943827236191559,-1.29377289662106,-0.460088168334001,0.357403749456321,0.109184034690268,1,0
-0.0337379239118177,0.924008049098972,-0.704747418268322,0.851021478584016,-0.183609546822941,1,1
-0.585427557019667,-0.00446822658206342,-0.27277940954708,0.575508039882244,1.35209955131266,0,0
0.612851363036862,-0.0266067891053029,-1.74103136837892,-0.862583861296717,-0.659800814205424,0,0
1.51712249462332,0.320423086061971,-1.2597282265821,-0.361030885396154,2.17747562596944,1,0
0.657380436751043,0.0930955539011501,-0.134290243580451,-0.492085036857097,-0.283228416989045,0,0
-1.07418133661174,-1.64135680745473,-0.47130085007309,-0.504078618296392,-0.112391204561797,0,1
-4.46956440943001,-1.46921230173503,-1.09150824355745,-0.799041712040402,-0.535739363376972,1,1
0.369045020726901,0.190723594077668,-0.385843019491317,-2.47384964127863,-0.444390151798656,0,0
0.169226691280939,2.41988149339792,1.10190130931708,0.00731764708518904,1.64497257361994,0,0
-1.82219031837276,-0.954310167977485,-0.735617080992186,-0.339542770281035,0.875121389702396,1,0
0.0673576996999898,-0.784912541278913,0.512233864065923,0.743824426247998,-0.262689157547713,0,1
0.0171059617313469,-2.47587212163473,-0.76530110422086,0.552534883559475,-2.47925673376321,1,0
-0.343659367783837,0.150742004845758,1.24264881844908,-0.521311305699188,-1.80030787589977,0,0
-0.667892196691555,-0.617778559807014,0.926262073136035,-0.205181331159108,0.250413190945702,0,1
-0.255744568732387,-0.321584881768159,-0.317339105258516,-0.639823978653831,2.43465988657798,1,1
-0.461207958553514,0.626763056591065,0.677968679961419,0.323544412024889,2.16757175457646,1,1
1.47164158242604,-1.3520697329001,0.767791654551638,1.14848304732616,-1.9420967770317,1,0
-0.0919603167370057,0.708415335536435,0.832088772357064,0.24991732793189,-1.2197754226855,0,0
0.335194298094992,-0.906045362653239,1.13298218454436,0.235194408138826,-0.456601372743922,1,1
-0.231864593196602,-1.86355450335082,-0.637694223696086,-1.1597654575583,-0.341681639711691,0,0
0.526652558473546,-1.68393324771446,1.44190959312612,-1.89763665265762,0.00354176408429145,1,0
-1.07362606512858,-0.854647684160112,-0.421568747392314,0.588202466380604,-1.60627312259763,1,0
0.769681876024899,-1.00771618453032,-0.741468584494407,0.853252129432286,-1.10258621517432,0,1
1.77090537513974,-0.129866882809476,-0.669362766146793,-0.00731429721199108,-1.24791430421399,1,1
-0.196182189266388,1.54234976994823,-0.297708101072498,0.840661537914956,-1.20766522208103,1,1
0.204749735014026,1.82545193401735,-0.465187665017166,-1.95876361458472,0.155584553040669,0,0
-0.596598068930217,0.533417004956277,0.487735646931984,-0.814648995055532,-0.70774361116406,0,0
1.17824774890517,-1.16584485821747,-0.415160601325908,-0.00402061974594473,1.26272683970505,0,1
1.04942122154231,-0.839205606113479,-0.570481861006001,-1.10486335070197,-2.02398234612231,0,0
0.56098116613841,-1.6162020016482,-1.1449267242941,0.171077846693555,-0.835703232351804,1,1
1.45207518252091,0.03470455608164,-0.484031607677598,-0.188573280412225,-1.2989862416752,1,1
0.408201531808917,0.962134822888825,-0.0266571263620525,0.952792040932888,1.02393808726695,0,0
-0.440334040992596,-0.652685658383902,-0.4012526148016,1.4749551589114,-1.18919301380951,1,0
1.31856619740959,-1.26720751297306,-0.124466559626181,-0.0929267163712765,-0.101682328311423,1,0
0.571386611140861,-1.31382954016287,1.12587462068898,-0.161477643530539,0.721702014327319,1,0
-1.27998717913361,0.0559434575360004,0.468811347219149,-0.660821182440608,-1.0612700066134,1,0
-1.23887958866812,-0.424636937656856,0.801197236618631,0.0384358410861502,1.04601672802477,1,0
-0.922591123551351,2.46219385775967,-1.56794012178186,1.74754199402111,2.27307391978827,0,1
1.34961206211505,1.16973983501928,1.15416782638353,-0.684071725060482,-0.695154623370519,0,0
-1.56761658694716,0.0854222819433739,0.466654731258491,0.356510095295791,-0.397679833346507,1,0
0.143799925059939,0.0703920075153836,0.171688855389307,-0.801376110574979,1.3897517379643,0,0
-0.886109994121759,-1.23838687561405,0.175170062577036,-0.137434218827148,-1.32579928337737,1,1
-0.0255741903621957,-1.85072952212592,0.353469095999218,1.7552792144188,-0.0466864404416579,1,0
-0.327735392877771,0.733956277992582,-0.159530131188077,1.03942282447755,0.601145616967754,0,0
-0.0759610156368958,0.301715350935309,-0.841020315515075,-0.124833732909484,-0.218894243369219,0,0
-1.35466363008352,-0.28967531018684,-0.288656682188782,-0.0480619688325269,0.329167274359201,0,0
-0.960808818559741,0.819156694405029,-0.651673995208138,1.42897763932774,-0.750967251258238,1,1
0.22495433926858,0.908392794312054,0.933382333798498,1.0692057315727,-0.151908282638896,0,0
-0.123160463126399,0.713137312232434,-1.51521820053134,0.508020695399271,-1.14074673125924,0,0
0.00104102001239988,-0.284072724947227,-2.99524043984673,-1.30034020552399,0.262364082143499,0,1
-0.571243247923888,0.196105163977686,-0.0366925338527253,0.356911398307976,-1.02045789083717,0,1
0.422621775023231,-0.0649627564161758,-0.271205543679633,-1.52842269568073,-1.25460498721232,1,1
-1.67338581022589,0.468508689332021,-1.3935827537365,0.159502524620515,-0.346021899749356,0,1
-1.13602593057185,0.00746104013488269,1.23444555030595,-0.127326416692036,0.842657400203071,0,0
0.361212489423994,-0.907526274768486,-0.374511400791724,-1.12781333067898,-1.02212010620315,0,1
1.05686421282016,-1.44658704160937,1.56992813821727,-0.259564435032997,-1.67904167217227,1,0
-1.9929204528045,-0.201108208033385,0.173139749691142,0.427239243328957,0.768685061003227,1,0
0.764385053589725,0.250325465839432,-0.461328038934686,0.042704613348988,-2.03525174477157,1,1
0.00716534853887045,-1.01862521649972,-0.917774659644189,1.94718529128911,0.00858014962955701,1,0
0.101974335863688,-0.222738372152538,-0.0874473740451564,0.121326007315731,-1.26020953450401,1,1
-0.232767155562737,0.120932600910233,0.638485362869276,-1.17248379267531,-0.608333325582899,0,0
-1.4203631279439,-0.290619150788776,-0.0838134411716091,0.70287795099293,-0.0538333276235339,0,0
-0.813322730570087,-1.20095640034725,0.437518853244402,0.616110335417467,0.0928378885327178,1,1
0.461069303817943,-0.00376555234440589,-0.15596596958671,-0.137123661083349,1.52318585086087,1,1
-0.214893609571855,0.837540235019327,-0.487594061164,-0.852659256667694,0.101243341981511,0,1
0.138945248113537,2.74992207335372,1.10250590316349,1.36680968735148,-1.11613232894766,0,1
0.844230361888773,0.730180252230648,1.96480137111153,0.262449646652591,-1.72233513959315,0,0
-1.30845033321161,-0.0382774229938935,0.17162370212271,0.629130988822962,0.403303168522398,1,0
1.04516865813642,0.622783864172367,0.408789894026355,1.33356561744012,1.75243533702784,1,0
1.2101739229185,0.890474351416382,0.581910758741746,1.70373020424777,1.57489814094294,1,1
0.0831436725420901,-0.749486169177352,-0.0958806069940147,0.940595620206217,1.43691216848499,1,0
2.78494703117717,0.0275462596315137,0.455107179254077,0.475028111008894,-0.906079852280206,1,1
0.595282320569969,-0.357614299139777,-2.24064875953544,-0.321834023073866,-1.16820701462156,1,1
0.0776663494542832,0.782164974164579,-0.379574489272802,-0.784322934734207,-0.472658249103098,1,1
-0.558696605695324,-1.00216419973586,1.64314255978869,0.460333373281708,-0.353252344538394,0,0
-0.806767676328993,-0.134338698676854,-1.25405490644921,1.26325651164737,0.851846278775386,0,0
-0.510709060990572,-0.585764683601818,0.523611169775062,1.79261690835475,-0.194496972205128,0,0
-0.556487122238553,-1.25118730765739,-2.6551863048427,0.343113547145452,-1.31416524646656,0,0
0.241125164886338,-1.12652988296264,-0.681336449034959,1.31434149867164,-1.65684296706414,0,0
-0.57533702252779,-1.12843729779314,0.948563947036041,-0.227010910775042,1.24458521482609,1,0
1.9855697309259,-0.10384401895757,0.182030618423661,0.884670738845136,1.32009601912792,0,0
0.463202746987685,0.136687257164334,0.251569151676841,0.429617890719822,-0.0167510997081595,0,1
0.292434410256371,1.47018395139154,-0.743919325466869,-0.764130126034034,-0.0937648073201113,1,1
-0.513982652680328,0.188784627131364,-1.1059283436013,-0.955288378754895,-0.34890596496503,1,1
-1.2357388177835,0.735076451066312,-1.42824745889654,0.478154659706985,0.100531259991296,0,0
-2.501231248929,0.024792053362016,0.141332364444639,-1.88996811646107,1.00088182546945,1,0
-1.3966282387637,0.0132308834690014,0.948477904412144,-0.0961167934923101,-0.139678280251398,0,1
-0.899135241443465,0.873054688284884,1.05115069234294,-0.51920231244158,-0.892652348662783,1,1
-1.32729635377918,-1.63682395062745,0.705900392931795,-1.86205653155973,-0.867086807008335,1,1
0.202866430106053,0.760824378307043,-0.848212727076867,-0.391982783477302,0.576278239485374,1,1
1.01283626236959,1.4285007077506,-0.204887532229992,-0.0806125333769777,1.02783707468978,0,0
0.0253434401099065,0.324269267076606,0.0701386161218176,-1.53631352554908,-0.810630568637572,1,1
-0.50715002175003,-0.574640410452702,-0.109055711508771,0.138291276737259,0.693052786606869,0,0
-0.506943235864813,-1.71004604245698,-0.253019261453774,-0.202562709922327,-0.582775072090147,0,0
0.264988765952305,-1.54038888486834,-0.398782923704808,-1.6157905505867,-0.0272715614125973,0,0
0.591681739879034,-0.236539779019098,-1.55889588070419,2.21015015160663,1.62557316822974,1,1
-0.288340709657048,0.385138681353142,1.73524221975363,0.902123126667774,1.28480066262451,1,1
-0.529070377896679,-1.55996146503429,0.598216833858067,-1.65030704358809,0.289325958521189,1,1
-0.179865384868669,-0.453939121102117,1.96931310403345,0.589568020071072,0.955287233921893,0,1
-0.930437696776113,1.13752533550026,-0.500162444174514,0.649760548347846,0.663856314087747,1,1
-2.46745604423078,-1.22518183988091,-0.0710666747729127,-0.453515081241371,-0.13293280912762,1,1
-0.0504074256893774,1.15359683878663,0.442227758301638,0.095551877384825,2.1239510765965,1,1
0.246438177680728,-0.296188999533376,-1.13499484145156,-0.210795648889857,-1.27567678744326,1,0
1.53136286884656,1.29234934390231,1.5962722952558,0.615945437468616,-1.80477076678098,1,1
0.591637871925911,-0.0723810718919008,0.0632221963135054,-0.47067134469807,-1.4346415074127,1,1
-1.61854194935506,0.290363224489958,0.210491849744262,-0.573596346079328,-0.116392850310497,0,1
-0.634932175432341,-1.07702140537491,-0.0808120816672299,0.0269182469165499,-0.563920491245903,0,0
1.35675448944548,0.951690356976865,-0.070354056274074,0.433162616002286,0.285127114060988,0,0
-0.758027121403236,0.263231714852457,1.5352273899518,0.761117243069095,-1.18546644424273,0,0
0.375364035803245,-0.296906343334147,0.568615131077302,0.0233208116082563,2.25436511469982,1,1
0.667163871764683,0.636821393057351,-0.855204372428512,0.212622530078793,2.86985431924517,0,1
-0.00857623898131749,2.31039180659299,-0.589230736197062,-0.619824807920844,0.511329922058776,1,0
0.0924404534146339,0.184691672696281,0.643553716562226,0.3585730082406,0.160008160651228,1,0
0.320282642031356,-2.19220117679038,1.29180498269837,1.08811941647267,-0.964423331306859,1,0
0.165091250501045,-0.521819042065269,-0.169793048385514,3.00241401781257,0.659651771885248,1,1
-1.05320673425202,-1.6578453148596,-0.25178317727716,0.891369832263862,-2.54426707592342,0,0
0.447394676811898,1.72507483598942,1.93871063124362,-2.21896692041712,-0.451750393527595,0,0
1.05713682489888,1.04958477345973,0.0803836904574734,-0.918556839239634,-0.810127479794588,1,1
-1.47515733014809,2.07099167252616,-0.265684080011836,0.954588644371949,-0.104368022423673,1,0
0.20073285977002,0.994437472197031,2.15222341695255,-0.800782164909462,0.268887132602855,1,1
-0.0704526902783753,1.07276879660989,-0.185295148732517,-1.69699788099299,-1.15840694796029,1,1
-0.750319156294484,-0.574005828913733,0.20939836609298,0.132470779785737,0.979798395243192,0,0
-0.0940137618927493,-0.594317565797382,-0.330854104688616,-0.712984524121057,1.13910994460049,1,1
0.412749462296229,-0.479196281862289,-0.0553156809250978,0.619969831307943,0.16348666354959,1,0
-1.25747896047247,0.500669910388053,0.812558659329352,-0.452528389889028,-0.643418621290102,1,0
0.197063492737964,0.291965108388689,-1.67641106118332,-0.353150188481925,1.46968121316913,0,0
-1.89231491640644,-0.78147494069668,0.132999894797427,0.111871298834715,-0.142923015662665,1,0
0.252176163776831,0.00276688449078379,-0.10289296061096,-1.15453648301018,-1.24431133988018,0,1
-0.647850915837892,-0.282793561118518,-1.05174501746326,-0.249569950888993,0.0932275650039325,1,0
-0.26605768295513,-0.796066824413583,0.600649602447015,1.45801829798778,1.48437192021151,1,1
-0.286767820093993,0.0856144089684408,-2.02235600806443,0.630705139981359,0.765095194130587,1,1
-0.529287455154932,1.01751144945262,0.668621198949078,1.14236563904495,0.476833155547241,1,1
-0.557045025925249,-0.305526478819683,-0.634736367301262,-2.89200238309497,-0.220970090894141,1,0
-0.548438912618061,-0.459896571626211,0.702888498228722,-0.153209873801236,-0.445460559757383,1,1
0.0637433919172623,-1.79810884598578,-0.324037900942952,0.00295979212156691,-1.3018251833433,0,0
-1.17805997080213,1.02971121696964,-0.151897632565162,0.349992271334967,1.01407871435783,0,0
-1.37490185471791,0.793890980285218,-0.536810092355503,-0.910501492808907,0.902322215542226,1,0
0.3333497354502,0.457727789564456,0.0950676758767288,-0.104306691358643,-1.86594101319958,1,1
0.559744672654051,-0.459627251967663,0.0500714598651459,0.265997933949739,-0.533412899293618,1,1
-1.15775671409632,0.0546679754768261,0.205481005199355,1.55889523588553,0.688124346043715,1,0
1.35956264461332,0.15787431422575,0.627092310232783,-0.823678518328371,-0.857298185864652,0,0
1.3923633348238,-0.665109925811991,-2.08943482145463,0.0705629260027843,0.182835282853473,0,1
-1.63196034320774,-0.26879667437565,-0.569814975425558,0.705412399050402,-0.249269076858951,0,1
0.994433472652398,-0.892292935270111,-0.822843149922361,-0.427349541697057,0.749680433796297,0,0
1.59758546849094,-0.431799410927642,0.319990770266621,0.6363460092353,-1.73538239577789,0,0
-0.675939064070098,0.142275144419088,-1.24192721124389,-0.296555090386942,-1.50294393220968,1,1
0.505652275420636,0.224765353173868,0.827331749669736,2.00079696605871,0.123839878698696,0,0
0.861314702479032,-0.950868956462956,-0.213156990313094,1.11493573611437,0.678637428918241,0,1
0.745550589637368,-0.173023536607579,0.73406372365882,-0.707000343576143,0.288030921522641,0,0
0.948399877560496,-0.49018344179834,0.366250027981415,0.443159180603195,-0.8777204269963,0,1
-0.278241274725867,-0.49809331073495,-0.731173989750179,1.60108886704541,0.167775414291177,1,1
1.13697036963686,-0.702192496129686,-0.485842053132486,-0.36866198914853,0.223303485766132,0,0
0.978489426732394,-1.02996985000037,-1.91663543749888,0.727294999270931,-1.67657672153041,0,0
1.64739314329724,-2.16027427466546,-1.28173867927531,0.243448151665801,-0.0889094411394105,0,0
-1.50646490190949,1.79934009227031,2.11216067250397,0.611985855485608,-1.01747274984468,1,0
-1.79383174336134,-0.788726745711965,-0.753765765922541,0.595596339539203,1.79544334013541,1,0
-1.3929985639188,0.579855767700816,-0.709928894203265,0.831076100424082,0.368068820647484,0,1
0.463897669446753,1.31796427974459,1.16411486763213,0.221349306594138,-1.87625071369546,0,0
0.748131373131148,-0.288578772879522,0.584075972130923,1.14967341727678,-0.525135548926696,1,1
1.22356727364567,-1.59027776894862,2.16135947198902,-1.02549300279552,0.315443409200848,0,0
0.328733137605352,-1.33949234594655,-1.58854140866581,0.954578515939701,-1.47897725437258,1,0
1.20291080117684,-0.18788995790625,1.59896504420035,0.818504507407376,-0.44093566295336,0,0
-1.17803583193826,2.88906230132255,-0.503940016192381,-0.337291706104236,1.20041936804183,0,1
0.916147112539795,0.500007568064835,-0.90890660725428,1.84895479783543,3.00832772265419,1,1
-0.390738963424346,-0.560984154918891,-0.558599721905556,0.447030091034672,-0.0464678913367742,1,1
-0.33129259578117,1.69425238117496,-0.207014001601761,-0.203346233551679,-0.917736967358681,1,1
-0.807469152094381,1.03831782452235,-0.537074918725393,-1.56223848403453,-0.56534541631528,0,0
0.141936798685436,-0.26991293742637,0.269505936811319,-0.566819298566256,0.848004221776695,1,1
0.36626769837483,-1.12461692835971,1.23880984706156,-1.98116490991472,-0.648704179796984,1,0
-2.09216971822786,-0.15657600083941,-0.344928545638528,-1.34718103199432,-0.0369314901770319,1,0
-0.020631723876051,0.356328822133285,-1.22390451708328,-0.234118465984826,-0.961440057803259,1,1
-0.903667512331148,-1.98053438936359,1.84327165247876,-0.408649763984514,0.248682688619682,0,0
2.14675010257472,-0.86648304770798,0.789701635297638,0.471999845943511,-1.78401892227407,1,0
0.527842159626407,0.663984580234396,-0.156840314509967,-0.628924237162938,-0.0679593821474896,1,0
-1.16153602215237,-2.18438969558643,1.1756209016942,-0.505136281373852,0.830707617049453,1,0
0.32667615936741,2.17409146112577,-1.83116222047912,-1.76958762899408,-0.501921924674052,0,0
0.431606891679776,1.61674735729093,-1.23976251938511,0.223843758534826,0.447136469210507,0,0
1.22905508815409,0.606944777573819,0.787053348379512,0.256473889138866,-0.984397374125229,1,1
-0.672578251378944,-0.412731187512568,0.0129395340505063,0.0288814102645203,-0.883394874273017,0,0
1.61598610820984,0.227686320731228,-0.0605185178708286,0.0116862215352802,-0.771873715141903,1,1
-2.85606178513765,0.131251712067415,0.309044117533757,0.121590415711167,-0.320117170746512,1,0
-0.56947429420961,0.739705816415852,-1.45110596928841,0.702404653921372,0.0557930002633432,1,0
-0.732586231064167,0.423879126536898,0.055272829741276,-0.224198503442409,0.0937859566551069,0,0
1.67861604047238,-1.00894967664019,1.83491626688681,1.83164051003411,0.442277796361939,1,0
0.388384160766768,-0.732527582904573,0.884531240440247,1.3966959229739,-1.49773562896982,1,1
-0.399185359913356,-0.18438775545797,0.989200883556176,-0.825118124729872,-0.910500561654027,0,0
-1.22443607437075,-0.955424414573959,0.0156060765961492,0.687394961907673,0.658597175213435,1,0
0.669401582419447,-0.581353385754039,-0.764389952851131,0.875467367531407,-0.0337460478020444,0,1
0.974766083242001,0.772815433415724,-0.293764212302726,-0.170732245060237,-0.676675616674415,1,1
-0.859649612461066,-1.28864667299445,-1.31010182188924,-0.0729317992427085,0.564621696848496,1,1
0.0633182686693871,-0.382362972879944,1.32736462998156,-0.852094727219393,0.815503735199042,1,0
-0.406588307547982,2.67744671095726,-1.2273784002862,0.384160812660471,-0.334270976038278,0,0
0.248242866283001,0.534000777040841,-0.542815583048379,1.94233682462037,1.42929974734267,1,1
-0.251484663131586,-1.30361478077791,-0.464885987471205,-1.32330098330468,1.81818749379183,1,1
-0.979997396341428,-1.20183494312474,-0.350368438451378,1.0607553018217,-1.59898137759327,0,0
0.589041888810205,0.875411194180582,-1.12590855558476,1.68520599795761,0.939212284256235,1,1
-1.40489488772747,0.633129125555256,0.575990198840858,-0.603836175308388,0.516189737401572,0,0
-1.50978891545516,0.28787687808066,-1.60722545840466,-0.975108026333377,0.415797973084103,0,1
-0.421544412497361,-1.07629531299014,0.591814781226946,0.167246031175348,-0.939494949927911,0,0
1.28018361925754,0.419888430100721,-0.139257126584991,-2.37676974290819,-0.073877721098312,0,0
-0.364060064716567,0.100673631417934,0.127137925850115,-0.454475631123328,-0.217144839610512,0,0
-0.852541911964809,1.66955489249153,-2.53868199741608,0.453083764170891,0.772451541929356,0,0
-0.105876409189462,0.301368613047151,1.00262360772852,0.524023038386611,1.61282315288644,0,0
1.32909769254262,2.00990921593279,-0.610125583446878,1.65230439665193,0.154858073946203,0,1
-0.279642222095276,1.9858043274256,0.462044311688232,0.798576529450124,-0.0723124216919391,1,0
0.0507539339786516,-0.17925833911747,-0.177234354028014,-0.000866688658941898,-0.15699005223903,1,1
-0.0793683131679783,0.369336476470416,0.191517913852837,-0.415753514530681,-0.93229082890675,0,0
0.221082840501466,1.24905955136606,-0.36059559257219,-2.38630071036481,0.477554886310969,0,0
0.000907606369705937,0.720440719222801,0.559187933449837,-0.807022727577613,-1.44365508361881,0,1
-0.147644714342933,-0.351596946666138,-0.490636227497874,-0.0765033441584337,-0.823526771495313,0,0
-0.254886869790455,-0.218478940153456,-0.932869710482524,0.281998149633471,0.815001419101104,0,0
0.800766508736064,-0.514384122538042,3.34097784902716,0.168237279254937,-1.2601970973144,1,1
1.577792662254,0.161877037930251,0.427683807141732,-1.67402737464982,0.370155286368745,0,0
0.047627844316526,-0.0211721732858235,-0.543271906436944,0.152470280729384,0.924351754640818,0,0
0.552755104141315,0.357184802724417,0.0623722276599939,-0.397983986146772,-0.391794140694842,0,0
-1.47578399642448,-1.19718541725092,-1.77894629344756,-0.690836821275647,0.429373285449417,1,1
0.831214913466726,0.354489552264236,-0.1241927420425,-0.0886612795717998,-0.732691973071799,1,0
-1.31167847006126,-0.156235586055063,0.152007986221039,-0.676141117904412,-0.918452813188986,0,0
-0.108991940728347,-0.299432055302558,-0.272522326539716,-0.815004774979973,1.10325164038098,0,0
0.640575104000503,-0.41703191902376,-0.411010553293623,0.273608438449743,-0.219566561653181,1,1
-0.785957374359747,0.473692811243619,0.679265081736475,-0.00378761758779554,1.33288820503045,0,0
1.01174275506605,0.978763772838412,-0.678710255409753,1.28132525495072,0.595256289685184,1,0
-2.155803512748,0.514997096634436,-1.01006925014411,0.699285722961545,0.310572857437212,0,0
1.78038796928611,-1.14585208526807,0.672319990417437,-2.02615017721258,-0.430829398246416,0,0
0.419281601910585,-0.0540319548697117,0.478893193281283,2.1479220767074,1.50498896562878,0,0
-1.01425120805744,0.410860638702151,-0.984324831410597,0.585353830640794,0.281641438950246,0,0
-0.212598809409754,-1.68251605488826,0.602238318894975,-1.61903265106146,-0.424891813079185,1,1
-2.34301637831213,-0.0186013321254891,0.416010658097416,0.0477983447444551,-0.837171577569447,1,0
0.172994269695295,-1.04953278842626,1.0525809249754,0.508558930737179,-0.35432612900253,0,0
1.07057644602037,0.250199921365724,1.90720177859554,-1.52537463197249,0.0920474666573208,1,1
-0.533069661488677,0.776979635359365,-1.01142552017543,0.941471641669419,0.68480743373165,0,0
0.0469641527019973,1.14613393669833,0.620462268853184,-0.374321473713833,0.476590567438015,1,1
-2.17075372238481,-1.44381209613929,0.318071345848177,0.294739165843677,-0.49870154850272,0,0
0.800600132509256,0.412080870720177,0.154371344126333,0.291767442170744,-0.969823945811305,1,1
0.378550901015654,1.48391189721962,-1.81272241801087,0.852090864535799,0.158270854932153,0,0
0.271731905339365,-0.709595107448135,-2.37859737629283,-0.0564007005865936,0.40725029719034,1,0
-0.0845430229663566,0.879811542628751,1.38530254805804,0.194586727245407,0.329928528266459,1,0
-1.40343998414626,-0.337379581178672,-1.20046220628026,0.0510733695579414,0.602374268794387,0,1
0.961310447741759,-0.660105963446929,-0.820068205443194,1.69043491928044,-0.0817550884952409,0,1
-2.40390718314898,0.57318712656874,-1.33570185692414,-0.4980781269312,-0.60645270318782,0,0
1.54756776368233,-0.526317175765191,0.603881397212133,1.95936172982304,0.520014739603814,0,0
1.15699897186715,0.167634437938953,1.08043668836407,-1.13510300649017,0.664998684709539,0,0
0.853380852694332,-0.209244449871368,0.751883500813156,0.791240383156891,-0.034732169271487,0,0
-1.04453737513183,-0.300381418343539,0.610521799763793,0.115230619270871,-0.220904193055739,1,0
-0.469844070809669,-0.36719830326175,-0.0927426604416175,1.68913202058399,1.4759851827803,1,1
-1.12009140982996,1.67574066380154,-1.44368348503772,0.207550936739391,-0.581774531234991,0,1
-0.303984304002377,-0.171546319998756,0.340747200913775,-1.31582555112103,0.920851345724453,1,1
1.09069364338414,-0.696004206860352,-0.853056297894364,0.633283369730325,1.31792696050479,1,1
0.190074794614514,-2.8601380957608,0.540671039888244,-0.0525863351772358,-0.775406161413784,0,0
0.998225324524703,0.261616766592798,-0.201461742247705,-1.6225198953565,-2.1078525966951,1,0
-2.32956502842149,-0.600382296184901,-1.2850986680355,0.457976929628547,-0.23584744191003,1,0
-0.959233281788015,0.856595702065442,1.30590046385205,-0.373937852060579,0.410670859974803,0,0
0.553917031024243,-0.32347944009651,-1.16610538346305,1.46029618084582,0.448233360921923,1,1
1.29010208870748,0.942228641981287,-0.895347875716289,-0.497252196137566,-1.89964856012325,0,0
-0.523415783062706,0.75545974755597,0.702584286710007,-0.738594725179135,0.446308668252553,1,1
-1.38689681633998,-0.51768594412897,0.567432384890056,-1.7824135684039,0.661614564468562,0,0
1.22717897452075,2.51847948125229,1.85070736800226,0.197713245574739,-0.940366133964995,1,1
-1.07555459487428,1.21787942288939,-0.702591893574499,1.36283652329233,0.112751869430838,1,0
-0.747312204771467,0.174620140285054,-1.01887839258745,0.434707212066546,-1.72800733771448,1,0
1.52396785547455,1.43721406955003,-1.24423044607713,0.274033931446534,0.690872111873764,1,0
0.542610140960577,0.355290881041852,0.311700520569339,-1.3597345948404,-1.7606096655013,1,1
-0.518937205822934,0.879828748336443,0.645380662375116,-0.0591138738293531,0.443426604108677,1,1
-0.32465393496582,0.380487193015474,1.30581603518864,0.664006851588694,-0.839827447736783,1,1
-0.785260658280748,0.745035066692943,-1.13769150828905,1.37083422989397,1.38441834151466,0,0
-1.19752120483775,0.959964483631436,1.20939351676874,0.882491588213771,1.13463187065294,0,0
0.878588545882366,-1.01560237555134,-0.136015608478279,-0.113700582925997,-0.960722980537725,0,0
0.656122894435088,0.416468341334124,-1.17374022128488,-1.0937633434679,0.1955513711905,0,1
-0.0211655939790932,-0.600050405822533,-0.82959026168927,1.34789345661629,-0.0640367757185119,0,0
0.95975967107339,0.839678516893047,-0.989849297387346,1.02424975005194,-0.00820662432932384,1,1
-0.517740170053991,-0.714825298207704,-1.55250077917693,1.82640195827867,1.80106508330387,1,0
1.06844672065311,0.13645882248946,0.668186476683823,-1.15796387561286,0.717572491433568,1,1
0.916347967957876,-0.849336879510998,1.27605215695718,-2.94764873545565,0.903003958906967,1,0
0.71358738258515,-0.99363645080752,0.54106475771797,0.317983253960303,-0.137693279438875,1,0
1.26180427273257,-0.93813253021433,-0.169286712453208,0.565307653000266,1.62710720173977,1,1
0.389732204183109,-0.955934936156324,1.04853609508597,-0.0787106948587834,-0.454137764347373,0,0
-1.34473205033793,1.3957185166341,-0.874447410548023,0.737251579951895,0.56391182667043,1,0
-2.00067857832999,0.618508605614914,2.37911275022795,0.602860862652471,-2.41438255191352,1,0
1.29868904085447,0.926688269953024,1.10130942688188,-0.599478367681786,-0.600764304026626,0,1
-0.578690000988747,-3.06185136174136,-0.620496882146366,-0.601144092624308,0.87498247172858,1,1
-1.69846904613036,1.36414186512747,1.22435028770881,0.415041117307623,0.526410318917417,0,0
-0.902443965947095,-0.614382011392649,0.960881753371211,1.00113775120021,-0.581645659119601,0,0
-0.0411722935869145,-0.23616293805285,-1.56451094449893,-1.52501747363861,0.426211643526659,0,0
1.20575171827392,1.91359060584565,-1.1046142946274,1.39307372181389,1.26295540336712,1,0
-0.924824282002068,-0.155291085040152,0.0130722546776634,-0.285010012721414,0.127598925371852,0,0
0.83407349341656,-0.825336465037388,0.310265923855913,-1.39736697235265,0.248874971658825,0,0
-1.93140191055439,0.653852088640164,-1.39709695444177,0.750192392094852,0.275084402552758,0,1
1.28217653508941,0.654495523562485,0.190038443828533,-0.198346416641166,-1.24765150941619,1,1
0.680898010435908,-0.110342520140404,2.04674575121627,0.223572349333466,-0.806542470336699,1,1
0.139712552969888,-1.50360050957666,1.17233387725981,-0.310965385051573,-2.09021078928947,1,1
0.232956902764298,1.35288244885711,0.413412529483277,0.379279408824877,1.44405446806836,0,0
0.768224579330169,-1.4485312979828,1.30543335711625,0.628942650678888,1.52024440293466,0,0
-1.16987159702681,-0.504485920677488,1.2652173835751,-0.181654934013419,-1.73913266415362,0,1
-0.570231277893896,-0.0177129787863429,0.398904925911734,-0.768016265456773,-0.537073308006682,1,1
-1.12220932849509,-0.204641184627881,0.295222575673172,-0.29382030492253,-1.31282927129366,1,0
1.09528592994284,1.59078769096686,0.286962690062172,0.858093395685316,-0.378753551096544,0,1
0.35851163018329,-0.0781363359138834,-1.37056967980887,-0.977623380550523,0.105761397615888,0,0
1.0648089555848,0.690515931915224,-0.0336907674057363,-0.910565523294745,1.35173978210226,0,0
-1.92216458090673,0.548474950223804,-1.14355040377494,-0.753912862439352,0.65291112443448,0,0
-1.15812653482146,-0.364429747602717,0.297739994034812,0.739683520043342,0.779565789668098,1,0
-0.813313053737757,-0.997435084994889,0.708819353312078,0.111111094131739,0.301387819683256,0,0
-0.663507532010008,-0.725089903258803,2.15171346299831,1.0297015982147,0.221911640696258,1,1
0.620068187271621,-0.150818059310341,-0.220132867916514,-0.0190205367872792,-0.441594642586029,1,1
1.01551517274972,1.14763041179635,-0.600783015519057,0.153554926831391,0.395154753275177,1,1
1.23796931561023,0.575268457564393,0.677703821650355,-1.53437928138531,2.02582527286277,0,0
1.07547645392861,0.819778612037142,-0.388279468041802,-0.184311288224347,-0.79363092743478,0,0
-0.15817500610741,0.580792146892139,0.0769645670122034,-0.479206227325209,-0.1833658586071,0,0
1.21046018556671,0.154183036447917,2.09300643302593,1.1238949029376,-0.0688946479609288,0,0
0.215307118111161,2.46806155060682,-0.20521129192113,-0.163711246900316,1.75534737547375,1,1
0.606537438592203,1.12524767692454,-0.0441859490763313,1.33127213439742,-0.607992775788575,1,1
-0.221602955386581,0.715868480823656,-0.129279482379426,-0.325917914252655,-0.987059971309049,1,1
1.31304019664165,0.353559913282963,-0.33944051795839,0.103446838728906,1.34655949012467,0,0
-0.671081050269097,0.912117597342788,0.323181454767344,0.768242330891814,1.26438930229219,0,0
-0.67818494252276,-0.0440433247121772,1.21658227280333,2.04173244548237,0.208605864326133,0,0
0.417077448403154,-1.02903580337664,0.185802425405653,1.27313972719628,1.72241498176671,0,0
0.642332877945377,-1.61869278493123,-0.265119525866536,-1.38932679959455,-0.464565040142227,1,0
-0.802781445382612,0.216727862049933,-0.19667920560277,-0.61792756662924,-0.963889574024715,1,1
-0.638768779908575,1.75163837444233,2.27288303993083,-0.734390994035375,-0.303006387003303,1,0
-1.47896491497003,0.285987144599972,1.46537909208414,-0.128714144736014,0.259303261466766,1,0
0.0117978640091474,-1.07533131937385,0.507253768829951,-1.05798334557123,-0.102868693263367,0,0
0.993016542031297,0.652360315615718,0.707906833947538,0.650549139668411,0.414206758059011,1,1
-2.34680189204841,-1.1882887367391,-1.33463696416061,-1.52101627309975,-1.05260578903083,1,0
-0.299200660504854,0.249963778233791,0.164632809436662,-0.0414646078180991,0.887982282497821,1,1
-0.541706728395714,0.245190048379916,-0.0122112704472019,-0.143474449225343,0.154342845557726,0,0
1.22010524332596,-0.0321933254364368,-0.29806704763963,1.43798722815366,-0.256915102418328,1,1
-0.407176054081962,0.300703472508984,0.618159433214404,-0.283341893535097,-1.30101869729357,1,1
1.53711476664616,-0.705413599986585,0.553927510839348,-0.363943260983623,0.162154045933645,0,0
0.258771407384207,-0.345754954460113,-0.237774540324906,1.33537061444005,-0.160053304497441,1,1
0.625362298964327,1.31440613808558,-2.8416989556997,-0.334496598938817,0.345493552687068,0,0
0.410057286707169,-0.606167498547611,-0.846608723226321,0.912195004719307,-0.501217783442685,1,0
0.0236057910375021,0.38194688636059,0.966287698157643,-1.66541688277998,0.0759965629837057,1,1
-0.333643643547785,1.34079853177988,0.735851161589052,-0.0594518398742024,-0.963176170730613,1,1
-0.100365845288751,-0.722984777874956,-1.19865420928041,0.857554014446523,2.53095333180772,0,0
-2.24231434667055,1.81584251740409,0.173185529806384,-0.611036328668135,-0.517755506389537,0,0
0.197722605479448,-0.367572395521347,0.282970177566903,-0.941140892492594,0.318263977184567,0,0
-1.9637209004285,1.28903187909916,-0.357621666663727,0.777588712275337,-1.73994480308169,0,0
-0.590010598002994,0.984910717512102,-0.101207472865804,0.329318001822272,1.36711904494858,1,0
1.02109076997164,1.35103768795298,0.0200174095617371,1.90251607391844,0.441668784394334,0,0
0.899296609647001,0.263671437204037,-0.112808710075642,-1.56289004260498,-0.0199109024471357,1,1
1.67174883905158,-1.09928424916659,0.264619229631351,-0.89697262602679,1.67564334764812,0,0
0.50991504951402,-1.10167615607438,-0.937140517077012,-1.21446734902599,2.47041296561069,1,0
-2.32644498442965,-0.40111716259071,1.71843963536879,-0.218892990665293,-0.683574262486908,0,0
-0.344757039847183,-1.79257628527902,0.812497975419328,-0.0372697298911402,-0.15893812198119,1,0
-0.283204702002417,-0.128001224383912,-0.181195081341669,-2.58108804231859,0.41521253070738,1,1
0.769637977251348,0.661255577351923,-0.717105354154285,0.731070205323925,-1.07824557689783,1,1
0.0280373983441972,-1.23154566218018,0.121272690853139,-2.33570064298599,1.41079674152605,0,0
-1.31965933987504,-0.382566787505222,0.266755114269191,-0.554456251248487,2.08549093840926,0,0
0.890456089969751,-0.571531308828275,-0.66293161649752,0.529909762256108,0.797100521577328,1,1
1.22161191257391,1.58700995329664,-0.536427598114449,0.104764455515863,-0.605800684863218,0,0
-0.135547648985118,-0.451046654290186,0.0724434426638807,-1.06100453084811,0.866882030740102,0,0
-1.41686824780021,0.101729739855665,-0.070308896345001,-2.20251485359215,-0.198121456221002,0,1
-1.60112259189712,0.0072134362468195,1.65519994813721,0.448135528429644,-1.77795567657436,1,0
-1.2555890595845,-0.303803297040746,0.8140390011694,0.586562524027921,0.46170312435118,0,1
1.93735966057484,-1.52271862926721,0.502850385128512,-0.212582810261403,0.658693284538198,0,0
-0.29099113834423,-2.4713695256311,-1.42871608875522,-1.45135894909124,-2.55156714394107,0,0
0.449973293388519,0.526625091192042,-0.130029769829347,1.47977479670823,0.916906823241758,1,1
-0.00917070656409952,0.616418898766216,-2.40310182490499,0.992033997489633,-0.52858995393218,0,0
0.175820134135057,-0.0747440709028085,1.06757638024117,0.365481518489007,0.196235603533335,0,0
1.33173926084908,1.24259502785629,0.476649750192411,-0.380997954493429,-0.784445740036343,1,1
-0.550272281481274,0.455376944905663,-1.06126942484996,-1.20499104828871,2.02201774229325,0,0
-0.0762433491068224,-1.02233734841313,-1.36265562542922,-1.33485402635866,-1.11903844625874,0,1
-0.00766917513822113,-0.129667817517124,0.733210489197827,-0.695275698565691,-0.579344795488306,0,0
-0.062331454435978,-0.0843532378480229,0.201343808939233,0.890665428021433,0.83441328466066,1,1
-2.48544046121407,0.503132742009881,0.771376905231904,0.705631899681269,-0.279376815888795,0,0
-2.39634167165047,0.881253651750517,-1.17267771781452,-1.47632799831596,1.39802688443868,1,0
0.216689602830258,-0.245859155930443,-0.405668126908002,-0.0452659694143184,-0.923087285271579,1,1
-0.206468813460043,-1.30492155566365,0.318888141733161,1.47242426273954,0.181335952161178,1,1
-0.561484698736236,0.571912046382073,0.886969148643351,0.268097558317372,0.557550243349758,1,0
-0.0666444842108444,0.697782772192721,2.41709286475405,2.57125568919437,2.01241205319984,0,0
-1.62674077376547,0.308789397573412,-0.415307540794905,1.21108958956676,0.409168670413349,0,0
-0.236115230342626,0.464722848468529,1.19430776202399,0.108568564756336,-0.682930023248478,0,0
-1.17007162329661,0.0835066917743784,-2.27178628213285,-1.13698132394388,-0.449110284829568,1,0
-0.347588350366877,-0.36883685906909,-0.740820369559384,-0.19825355302829,0.0342033182278676,1,0
-0.564181729970426,0.230973567071525,-0.0569610155233005,0.245011429677625,0.521294451029478,1,1
-0.757219188382634,-0.784349037719452,0.90109487529493,0.44920683169833,0.283303773163285,1,0
0.702014715700464,1.58706744918992,-1.07119466055673,-1.87268044378632,0.277706354791128,1,0
-0.0480579732109382,0.13474862712111,-1.55424756398684,0.156326486432494,0.89703005643232,1,0
-0.422215794256277,-0.74035618754059,0.0214388403387261,-0.279506685259645,1.85909169360876,0,0
-1.24438144732351,0.601027072519279,-0.426949204103243,-1.40620984309308,0.876460843364386,0,0
-0.673068189481638,1.00119856362332,-1.94503277065129,-0.504108245185399,1.16446853998121,1,1
-0.752155211878707,-0.00314896335825935,-0.35145439620276,0.488093626558052,-2.79559772862243,0,0
-1.19756897804176,-2.63552589758989,-0.043950435245996,-0.912182295717138,0.410470494496296,1,0
1.41705771704053,-2.37992223085014,2.13520787365628,1.23061545583888,-1.11881492673803,0,0
-0.271907407594511,-0.205176962911853,-0.000687161527423428,-0.540468296975846,1.90883435204436,0,0
0.777766202984878,-0.301501744768348,2.41591209658423,1.06289969244839,-2.36704704565097,1,1
0.732201031117473,-0.114506129682481,0.950298159458811,-0.884111142130821,-0.818627471548888,0,1
1.42805720112621,-1.14509102818233,1.18784967608491,1.00506084260283,-0.428258800041051,0,1
1.9393267404428,-1.01585369634748,0.876196777137908,-0.0156794095169961,0.871263021081466,1,1
0.862583186063025,2.25076981394294,0.394495868163598,-0.906664077121609,1.09883301161726,1,1
0.949428237505584,0.524632527681097,0.90756445591018,-0.519873361084426,0.556963891150049,0,1
0.899865060676747,-1.4371045864384,-0.032282955792758,1.17771260500848,-1.20205627510801,1,0
-1.47024446037591,-1.72644037660322,1.12716157804578,0.195916855451642,0.100184979653156,0,0
0.846249210186732,-0.38686786987346,0.746403923933719,-0.69043580418624,0.0721466685644067,0,0
-0.0779573986725434,1.37289273575666,-0.508179232828672,1.22771498098953,1.81741133505584,1,1
0.458619493639658,1.08391976573412,2.42035912214799,1.10412855061109,-0.2618345481466,0,1
-0.518931941335584,-0.476301271479176,-0.635441965352519,-0.500607103639917,-1.4851959860674,0,0
-0.389578631032328,-0.508361304496402,-0.510470218603902,-0.321675292419192,0.298497562918771,0,0
0.165077011698166,-0.26716477878649,-1.28822472341418,-0.373057035187822,-0.389933690931078,0,0
3.30091225203872,-3.1382973084031,0.326631716057082,-1.11820273223417,-0.122288686474125,0,0
1.49096988488249,-1.82591591144341,-1.33665624018925,0.544437967831444,2.52175746372718,0,1
1.10634496024379,-1.6015996900623,-2.25322063377582,-0.226863514856782,-0.308188116110744,1,0
-0.36761479320482,0.884666619407644,-0.416349839066767,-0.754086436267221,0.218372010976918,0,1
-1.04444167492521,0.403706831451092,-0.338106254322554,1.40269403311979,1.25827111117257,1,0
-0.494679548807178,-0.420674973157458,-0.452476874616152,0.252518535280994,0.914750911507104,1,1
-0.603110065632496,-1.52094727555456,-0.356997707124789,0.814317795972069,-0.757395195739842,0,0
-0.467602424102709,-0.395636867887624,0.00395988862168318,-0.262519860395482,-1.38063767433735,0,0
0.701602605939072,-1.08292072845284,-0.0541949905785623,-1.12383747840358,-0.47237578536626,0,0
0.257052790457774,-0.605394285738168,0.779947940605606,-1.02943024421481,-0.0499718763611314,0,0
-0.486897673937922,-0.376272952182949,-0.521779536548474,0.779996562718918,-0.119721328549149,0,0
0.343253058799257,0.820170126796607,0.671721629063236,0.602613234739899,-1.43143622865121,0,0
-0.0722640407859571,-1.54292871134837,1.40851413192465,1.42457411198607,-1.65511748331329,1,1
0.800834847694382,-1.1891935961821,0.102615336542628,0.536945769677694,0.508279239504076,1,0
1.24332044309601,0.777978515456887,-2.51137936551204,-0.168043769914943,1.60527376457738,0,0
-1.63374020709824,1.56489367249963,0.0675345030041647,-0.0821564327754453,1.20467349804002,0,0
-0.852006755057759,0.649726744124438,-0.417530839941463,1.87907283477642,-0.572951832137081,1,0
-1.02906249928788,-1.12835169922756,-1.35527724264036,0.67313420260352,0.469515245343322,0,0
1.0939676808301,1.15644068116298,0.0473022533905715,-0.289882671700604,-2.55742779478509,0,0
2.41320779012677,0.581853631789769,2.6254511764891,-0.307220084452113,0.0307372295019396,1,1
0.0348759518127825,-1.09602657602477,0.599161097866972,0.496481326448889,-0.469562196631904,0,0
-0.775376591857438,2.21681844102146,-1.08914673304204,-0.464965951818725,1.05846884574685,1,1
-0.370383355890683,-0.624543958177997,1.21639376764607,-0.726926669697914,0.678078487683991,1,1
0.62967597663212,-1.28517188829425,-0.196955965500556,1.15714348338581,-0.96339962674991,1,1
0.618944539743127,-1.15082519257258,-1.26071565539555,1.25042477518255,0.26019564082788,1,1
-1.07487323620455,-1.28186625378672,1.01225273220507,-0.820984643104422,0.360475718482476,0,1
0.183913399379946,-0.570896638056174,-0.227741545748074,-1.13215215110009,-1.51896067865785,0,0
-0.502546809987774,-0.76979146100436,-1.17161376225107,0.0282062714282697,0.0830647045715893,0,0
-0.376581575779988,0.079703243775739,-0.0103407948343534,0.0842466377758224,-1.39058260599424,0,0
-1.63606627417318,1.01956582171463,-1.80547656170442,0.756705581747945,0.466521512499509,1,1
-0.123224670459759,-0.802101848736134,-0.991911680766204,-0.62113309857169,0.836255517961386,0,0
1.66497938587655,-0.534919486700975,-0.841172291303772,-0.297523441602367,1.55265152510626,1,0
-0.205144887688064,-0.935119855821488,0.433938830050549,-0.670120706109215,-0.307557379797546,0,1
0.0580158066607305,0.516106952061688,0.960754616039526,0.577532651364814,-0.731169483006654,0,0
-1.18184921195297,0.949930125160133,-0.348260943795232,-1.23823514408984,-1.39942957597095,1,0
0.412006064008826,0.42871261254016,-0.660694625671512,-0.138236634962749,1.27903487020586,0,0
-1.91121081524281,1.03108893268206,-0.738066996790101,0.827066391511248,1.35651460008133,1,1
1.08847465198861,-1.03425457137702,-0.355343045922205,-2.52482302885867,0.436569091639536,0,0
0.601178415915508,-0.354847696731051,0.500782225787442,-0.309446468534339,-1.76686077172574,0,0
0.210049213053827,-0.878244370361321,1.02937169334992,-0.609719250484952,-0.654897268665208,1,0
0.921749244483823,-1.06726869220533,-0.111792208387096,0.680824147811634,1.50248881423937,0,0
1.14553238457309,-0.392337465849766,1.81991045757853,0.955394347207208,-0.66926043238061,0,0
-1.17736272465029,0.442842600609111,0.688657275242519,1.82976618514926,-0.190239479457706,0,0
2.07683556958951,-1.39407685144988,0.550133903865981,-0.10774208840589,0.508036482128091,1,0
0.34461672025842,-1.4228075521243,1.11947672276167,0.385165341556606,-0.335364074495637,0,0
1.88776189330577,0.419560038276559,-0.852910122310117,0.0318129748419947,0.57488132674373,0,0
2.31334180289558,-0.869342418421542,0.640199002976259,0.849871695351611,1.00872373825039,1,1
-0.89333198279228,1.30980947607638,0.21006174329718,0.917414644528409,0.234529236409258,0,1
-0.490810167273595,0.862091719444404,0.787604719255131,-0.0522413285704207,0.653340954997879,1,1
-0.715930752950338,-0.602343933582161,-0.714595825470682,0.0410409631061545,0.320283023908158,1,1
-0.449069706141811,-0.846713877909586,-1.62019312568364,-0.9175287552557,-0.193968209453003,1,0
0.872199639870912,0.963992675577409,0.342107694076102,-1.84632173218718,-0.379600853110471,0,0
0.57827150654345,0.52754693206526,-1.0980695184756,-0.0887869066579994,-0.0997921814361621,1,0
-0.520032396134883,-0.680683979426369,0.200700056511886,2.56554090844987,0.165445399693849,1,1
-0.216074380237561,0.554010272293838,-1.96974423947628,-1.71012184291194,0.419827769230599,1,1
0.365379853123731,1.63090296469768,1.12471421647291,-0.285956711313912,-0.559823755958401,0,0
0.313024380989233,0.249611992928231,-0.0937108262533185,0.148271361900623,1.38348711407148,1,0
0.521028811230881,-0.322256251969944,0.219616686041528,0.140939898427119,0.793023350427778,0,1
0.651894599918127,-0.588426546039499,1.29857730860022,-0.500141875309807,-1.1614031666456,1,1
0.75995869598441,1.68557298549088,-1.00333438004443,-0.289813093968739,-0.00267666227150875,0,0
-1.17197505705629,-1.13486786711355,-1.35190837746961,0.00739454290686419,0.50388395320397,0,0
1.3467317228174,-1.15407826132501,0.630636964795462,0.495774808991704,0.0334180537076653,0,0
-0.807300741069234,-1.34446709970756,-1.07343288689128,1.52016402782408,1.03287375896757,1,0
-1.5239891309072,0.597268351156546,-1.53862268306869,0.777640487734622,0.108410690067691,1,0
0.288415632474065,0.104590553545379,-0.119411330817504,-1.4565914392935,0.875615820380705,1,1
1.69970682605063,0.280204772339021,-0.223596493688572,-0.529893055845069,1.07050663978504,0,0
1.08450560517028,0.605060274556668,0.79821146867308,0.660658539768508,3.03176242553501,0,0
-0.523173987452862,-0.697362955859092,0.17910296432734,-0.418415333729959,1.06690749319195,1,1
0.078666846133925,-0.0215120155426645,1.42588841429851,-1.91148444515999,-2.18732118860338,1,1
-0.945735285912502,-0.238652366512808,-1.65108024390426,-0.0383178117425426,0.634536747258883,0,0
-1.18860028283646,0.794759862371402,-1.3686109983823,-0.41554524604175,1.14321835538094,1,0
0.219710781113131,-0.0114873705009983,1.02685105401927,1.11488784691087,-0.134480756774988,1,1
0.20238529472374,0.831178666179722,-0.597615594257744,1.25218715191952,1.02309278746174,0,0
